block,model,expr,depth,nodes,gates,n_parameters,N_T,parameters,train_chi2,valid_chi2,all_chi2,train_wmse,valid_wmse,AIC_train,BIC_train,search_score,DeltaScore_from_best,DeltaAIC_from_best,DeltaBIC_from_best
Rac1 perturbation; Cdc42 response,EML_expr,G((G(R)+R)),2,5,2,9,91,y0=3.8211929; B=164.97543; k=0.20481063; a1=0.10974224; b1=0.037787539; c1=0.020682499; a2=71.190817; b2=4.5011552e-06; c2=0.041997647,6.9418462588496865,3.854439115770634,10.796285374620322,0.07628402482252403,0.12848130385902115,-216.169547961778,-193.57181240312633,0.12848130385902115,0.0,0.0,0.0
Rac1 perturbation; Cdc42 response,EML_expr,G(G(G(R))),3,4,3,12,91,y0=3.9906711; B=-740.25675; k=0.30012989; a1=1.0004696; b1=1.0028783; c1=2.9887743e-06; a2=11.198719; b2=66.913615; c2=0.16658642; a3=629.96846; b3=1.5680909; c3=0.00072048053,12.679068607166869,4.1704331532805625,16.84950176044743,0.13933042425458098,0.1390144384426854,-155.35253826481713,-125.22222418661494,0.1390144384426854,0.010533134583664255,60.81700969696087,68.34958821651139
Rac1 perturbation; Cdc42 response,EML_expr,(G(G(R))+R),2,5,2,9,91,y0=4.2665393; B=-54.272469; k=0.18923477; a1=141.00395; b1=2.0340155; c1=0.0041737686; a2=0.63614379; b2=0.0034705991; c2=4.1556913e-10,13.022672650142173,5.186250440398401,18.20892309054057,0.1431062928587052,0.17287501467994668,-158.9192532501584,-136.32151769150676,0.17287501467994668,0.044393710820925525,57.2502947116196,57.250294711619574
Rac1 perturbation; Cdc42 response,EML_expr,G(G(R)),2,3,2,9,91,y0=3.8768265; B=-5.9422513; k=0.23832774; a1=832.25909; b1=10.250397; c1=0.1029129; a2=0.45752452; b2=0.10021414; c2=5.5590835e-13,10.665767980102927,5.635395621199641,16.30116360130257,0.11720624153959261,0.1878465207066547,-177.0876334497974,-154.48989789114574,0.1878465207066547,0.059365216847633545,39.081914511980585,39.081914511980585
Rac1 perturbation; Cdc42 response,EML_expr,G(G((R+R))),2,5,2,9,91,y0=5.1070444; B=-13.294723; k=0.15728663; a1=98.489125; b1=4.3392432; c1=1.8295839e-05; a2=0.58997613; b2=0.24438994; c2=9.9519766e-10,17.023991757956388,6.277063958152757,23.301055716109147,0.18707683250501525,0.20923546527175857,-134.5374648525303,-111.93972929387864,0.20923546527175857,0.08075416141273742,81.6320831092477,81.63208310924769
Rac1 perturbation; Cdc42 response,EML_expr,G(R),1,2,1,6,91,y0=8.4540118; B=-55.964842; k=0.2941757; a1=1000; b1=0.93840819; c1=1.3768386e-10,26.664842225509553,7.089914340952509,33.75475656646207,0.2930202442363687,0.2363304780317503,-99.70373572494395,-84.63857868584286,0.2363304780317503,0.10784917417272916,116.46581223683404,108.93323371728347
Rac1 perturbation; Cdc42 response,EML_expr,(G(R)+R),1,4,1,6,91,y0=8.4540118; B=-55.964847; k=0.2941757; a1=1000; b1=1.9384081; c1=4.9054928e-11,26.66484222537509,7.089914348134869,33.75475657350995,0.2930202442348911,0.2363304782711623,-99.70373572540284,-84.63857868630174,0.2363304782711623,0.10784917441214115,116.46581223637516,108.93323371682459
Rac1 perturbation; Cdc42 response,double_hill,(H(R)+H(R)),1,3,0,8,91,y0=3.8351353; k=0.091571753; B1=349.39139; K1=100; h1=0.33860843; B2=-66.549608; K2=0.90388217; h2=30,9.517366388834342,7.8048977208664665,17.322264109700807,0.10458644383334441,0.26016325736221557,-189.45446155905194,-169.36758550691712,0.26016325736221557,0.13168195350319442,26.715086402726058,24.204226896209207
Rac1 perturbation; Cdc42 response,EML_expr,(G(R)+G(R)),1,5,2,9,91,y0=4.5256; B=505.73746; k=0.026372471; a1=0.53707729; b1=0.90496294; c1=0.35471147; a2=0.71922026; b2=0.9035179; c2=4.5401253e-40,45.59086275909589,15.436284503436033,61.027147262531926,0.5009984918581966,0.5145428167812011,-44.89484912300443,-22.297113564352777,0.5145428167812011,0.38606151292217994,171.27469883877356,171.27469883877356
Rac1 perturbation; Cdc42 response,EML_expr,G((R+R)),1,4,1,6,91,y0=4.5913558; B=655.71371; k=0.024665671; a1=0.8218147; b1=0.96875146; c1=6.1765171e-18,46.38324602240964,15.651548546789021,62.03479456919865,0.5097060002462598,0.5217182848929673,-49.32682825286422,-34.26167121376312,0.5217182848929673,0.3932369810339462,166.84271970891376,159.3101411893632
Rac1 perturbation; Cdc42 response,EML_expr,((R+R)+R),0,5,0,3,91,y0=3.8270669; B=6.9087566; k=36.939577,570.7083228968957,191.5255007920709,762.2338236889666,6.271520031834018,6.3841833597356965,173.07770666707214,180.6102851866227,6.3841833597356965,6.255702055876675,389.2472546288501,374.182097589749
Rac1 perturbation; Cdc42 response,EML_expr,(R+R),0,3,0,3,91,y0=3.8270674; B=10.363135; k=37.564331,570.7083228968668,191.5255204255906,762.2338433224575,6.271520031833701,6.384184014186354,173.07770666706756,180.6102851866181,6.384184014186354,6.255702710327332,389.24725462884555,374.18209758974444
Rac1 perturbation; Cdc42 response,linear_R,R,0,1,0,3,91,y0=3.8270747; B=20.726262; k=53.122788,570.7083228968064,191.5256042437383,762.2339271405448,6.271520031833037,6.38418680812461,173.07770666705792,180.61028518660848,6.38418680812461,6.255705504265588,389.2472546288359,374.1820975897348
Rac1 perturbation; Cdc42 response,hill,R^h/(K^h+R^h),0,1,0,5,91,y0=3.8270737; B=34.219005; K=0.82447014; h=2.2239265; k=54.957393,570.7083228968064,191.5256043168596,762.2339272136661,6.271520031833037,6.384186810561987,177.07770666705792,189.63200419964218,6.384186810561987,6.255705506702966,393.2472546288359,383.2038166027685
Rac1 perturbation; Cdc42 response,EML_expr,R,0,1,0,3,91,y0=3.8270747; B=20.726262; k=59.984193,570.7083228968063,191.52560471949914,762.2339276163054,6.271520031833036,6.384186823983304,173.07770666705792,180.61028518660848,6.384186823983304,6.255705520124283,389.2472546288359,374.1820975897348
Rac1 perturbation; RhoA response,EML_expr,G((G(R)+R)),2,5,2,9,91,y0=-1.3720375; B=220.79066; k=0.21317379; a1=0.50623208; b1=0.86808716; c1=1.8310311e-08; a2=74.857446; b2=0.76486191; c2=3.3357706e-05,6.703976602994557,2.094980835314951,8.79895743830951,0.07367007256037975,0.06983269451049837,-219.34243563484426,-196.7447000761926,0.06983269451049837,0.0,4.2552173497703905,6.76607685628727
Rac1 perturbation; RhoA response,double_hill,(H(R)+H(R)),1,3,0,8,91,y0=-1.3794266; k=0.096478453; B1=81.609632; K1=0.11673491; h1=0.63306895; B2=-61.539021; K2=0.91275113; h2=30,6.539876391627188,2.2119158442140603,8.751792235841249,0.0718667735343647,0.07373052814046868,-223.59765298461465,-203.51077693247987,0.07373052814046868,0.0038978336299703154,0.0,0.0
Rac1 perturbation; RhoA response,EML_expr,G(G(R)),2,3,2,9,91,y0=-1.4241072; B=-5.7491124; k=0.23058016; a1=717.30295; b1=11.551856; c1=0.058333043; a2=0.34631743; b2=0.055126641; c2=2.0547701e-12,6.753458985968329,2.9345447983764514,9.688003784344781,0.07421383501064098,0.09781815994588171,-218.67322683736404,-196.07549127871238,0.09781815994588171,0.02798546543538334,4.924426147250614,7.435285653767494
Rac1 perturbation; RhoA response,EML_expr,G(G(G(R))),3,4,3,12,91,y0=-1.3325791; B=55.339373; k=0.24286288; a1=0.36039025; b1=0.13148905; c1=3.0519099e-19; a2=1.9047916; b2=1.6249708; c2=0.77355269; a3=98.224576; b3=2.5528721; c3=0.0094333819,13.495343777928184,5.414519168561086,18.909862946489273,0.1483004810761339,0.18048397228536955,-149.67484551732278,-119.54453143912059,0.18048397228536955,0.11065127777487119,73.92280746729188,83.96624549335928
Rac1 perturbation; RhoA response,EML_expr,(G(R)+G(R)),1,5,2,9,91,y0=-1.5064059; B=-177700.81; k=0.094432988; a1=1.1328726; b1=0.7720944; c1=0.24143132; a2=0.48476534; b2=0.7623685; c2=0.67874023,61.097542773182774,21.08056981222167,82.17811258540443,0.6714015689360744,0.7026856604073889,-18.25329504398345,4.3444405146682,0.7026856604073889,0.6328529658968906,205.3443579406312,207.85521744714808
Rac1 perturbation; RhoA response,EML_expr,G(G((R+R))),2,5,2,9,91,y0=-0.037377862; B=-13.308207; k=0.11861169; a1=41.151476; b1=6.0311036; c1=0.12522969; a2=0.57384507; b2=0.28566022; c2=4.5878272e-10,61.5398913989189,21.320294638634287,82.86018603755318,0.6762625428452625,0.7106764879544762,-17.596825022664483,5.000910535987167,0.7106764879544762,0.6408437934439779,206.00082796195016,208.51168746846704
Rac1 perturbation; RhoA response,EML_expr,(G(G(R))+R),2,5,2,9,91,y0=1.5985732; B=28.79629; k=0.25805782; a1=0.33639495; b1=0.43869203; c1=5.4556352; a2=180.53294; b2=7.1531184; c2=0.012423733,72.51847874272187,33.862275121989796,106.38075386471166,0.7969063598101305,1.1287425040663266,-2.658646910943105,19.939088647708544,1.1287425040663266,1.0589098095558283,220.93900607367155,223.44986558018843
Rac1 perturbation; RhoA response,EML_expr,(G(R)+R),1,4,1,6,91,y0=3.2278701; B=-54.27623; k=0.29974567; a1=1000; b1=2.1198513; c1=5.732711e-09,103.76918338052137,34.71222604508884,138.4814094256102,1.1403206964892458,1.1570742015029614,23.949167735529358,39.01432477463045,1.1570742015029614,1.087241506992463,247.546820720144,242.5251017071103
Rac1 perturbation; RhoA response,EML_expr,G(R),1,2,1,6,91,y0=3.22787; B=-54.276541; k=0.29974567; a1=1000; b1=1.1198449; c1=4.2895772e-12,103.76918333849825,34.71222627360598,138.48140961210424,1.1403206960274532,1.1570742091201993,23.949167698677332,39.01432473777843,1.1570742091201993,1.087241514609701,247.546820683292,242.5251016702583
Rac1 perturbation; RhoA response,EML_expr,G((R+R)),1,4,1,6,91,y0=-0.57562142; B=2956.305; k=0.047655596; a1=0.96624856; b1=0.98107409; c1=3.0304903e-38,142.4691079239865,51.93340277496416,194.4025106989507,1.5655945925712804,1.7311134258321386,52.79217717046521,67.8573342095663,1.7311134258321386,1.6612807313216402,276.38983015507984,271.3681111420462
Rac1 perturbation; RhoA response,hill,R^h/(K^h+R^h),0,1,0,5,91,y0=-1.3762857; B=34.637431; K=0.79743322; h=2.256014; k=54.077418,2580.148004991597,840.2212292681877,3420.369234259785,28.353274780127443,28.00737430893959,314.37157077866124,326.9258683112455,28.00737430893959,27.93754161442909,537.9692237632759,530.4366452437254
Rac1 perturbation; RhoA response,EML_expr,R,0,1,0,3,91,y0=-1.37629; B=21.647095; k=40.301097,2580.1480049916413,840.221237509083,3420.3692425007243,28.353274780127926,28.0073745836361,310.3715707786628,317.9041492982133,28.0073745836361,27.9375418891256,533.9692237632775,521.4149262306933
Rac1 perturbation; RhoA response,EML_expr,(R+R),0,3,0,3,91,y0=-1.3762846; B=10.823545; k=32.614479,2580.1480050004698,840.221336779331,3420.369341779801,28.353274780224943,28.007377892644364,310.37157077897416,317.9041492985247,28.007377892644364,27.937545198133865,533.9692237635888,521.4149262310045
Rac1 perturbation; RhoA response,EML_expr,((R+R)+R),0,5,0,3,91,y0=-1.3762804; B=7.215695; k=32.259175,2580.148005002877,840.2213504197928,3420.3693554226697,28.353274780251397,28.007378347326426,310.371570779059,317.9041492986096,28.007378347326426,27.937545652815928,533.9692237636737,521.4149262310895
Rac1 perturbation; RhoA response,linear_R,R,0,1,0,3,91,y0=-1.3762924; B=21.647097; k=26.744979,2580.1480054354147,840.221990475945,3420.3699959113596,28.353274785004558,28.0073996825315,310.3715707943143,317.9041493138649,28.0073996825315,27.937566988021,533.969223778929,521.4149262463447
RhoA perturbation; Cdc42 response,double_hill,(H(R)+H(R)),1,3,0,8,91,y0=-0.040312355; k=0.093761249; B1=240.60048; K1=14.166534; h1=0.51500473; B2=-44.270985; K2=0.90637152; h2=30,8.990215745457961,2.3215403354384776,11.311756080896437,0.09879357962041715,0.07738467784794925,-194.639762054436,-174.5528860023012,0.07738467784794925,0.0,5.012137263833154,2.501277757316302
RhoA perturbation; Cdc42 response,EML_expr,G((G(R)+R)),2,5,2,9,91,y0=0.0048812031; B=745.40178; k=0.2114389; a1=0.96633279; b1=0.94656745; c1=8.1990089e-39; a2=54.503703; b2=1.1388537e-06; c2=0.024734366,8.323479638058314,4.823754989266443,13.14723462732476,0.09146680920943202,0.1607918329755481,-199.65189931826916,-177.0541637596175,0.1607918329755481,0.08340715512759886,0.0,0.0
RhoA perturbation; Cdc42 response,EML_expr,G(G(R)),2,3,2,9,91,y0=0.066332187; B=-13.067598; k=0.23859806; a1=490.12973; b1=3.7922629; c1=0.13810753; a2=0.71120642; b2=0.1360887; c2=1.3196833e-11,15.669177742760228,5.040852748871546,20.710030491631773,0.17218876640395855,0.16802842496238488,-142.08391716278965,-119.486181604138,0.16802842496238488,0.09064374711443562,57.56798215547951,57.5679821554795
RhoA perturbation; Cdc42 response,EML_expr,G(G(G(R))),3,4,3,12,91,y0=0.24135438; B=-1109.8191; k=0.26592189; a1=1.000185; b1=1.0013994; c1=2.8350071e-36; a2=15.6728; b2=23.419643; c2=0.47044333; a3=455.15643; b3=2.5174816; c3=0.0017643946,19.269667765241792,7.797405874236382,27.067073639478174,0.21175459082683287,0.25991352914121274,-117.26178114001749,-87.1314670618153,0.25991352914121274,0.1825288512932635,82.39011817825167,89.9226966978022
RhoA perturbation; Cdc42 response,EML_expr,G(G((R+R))),2,5,2,9,91,y0=0.50937922; B=-1909.3998; k=0.15065882; a1=1.0027669; b1=0.97934393; c1=1.0629576; a2=1.2764979; b2=1.7524882; c2=1.073902e-07,16.606400467578787,8.608720964041517,25.215121431620297,0.18248791722614052,0.28695736546805056,-136.79748967695937,-114.19975411830772,0.28695736546805056,0.2095726876201013,62.854409641309786,62.85440964130977
RhoA perturbation; Cdc42 response,EML_expr,(G(R)+G(R)),1,5,2,9,91,y0=0.46149817; B=-34.539034; k=0.25196612; a1=1.4304197; b1=1.0915913; c1=5.95174e-29; a2=393.54585; b2=1.1289755; c2=8.893079e-28,20.750711182043297,9.476802281120888,30.227513463164183,0.228029793209267,0.31589340937069627,-116.52338778005995,-93.9256522214083,0.31589340937069627,0.23850873152274701,83.12851153820921,83.1285115382092
RhoA perturbation; Cdc42 response,EML_expr,G(R),1,2,1,6,91,y0=1.1675613; B=-7.7924986; k=0.28834866; a1=937.15262; b1=5.3706527; c1=0.0015790137,34.71305568164779,14.22721724180105,48.94027292344884,0.38146215034777786,0.47424057472670167,-75.70067177674825,-60.635514737647156,0.47424057472670167,0.39685589687875245,123.95122754152091,116.41864902197034
RhoA perturbation; Cdc42 response,EML_expr,(G(G(R))+R),2,5,2,9,91,y0=1.1675554; B=2.2131543; k=0.28834933; a1=118.0006; b1=3.9233224; c1=0.34128939; a2=937.06106; b2=4.5650112; c2=0.0014635279,34.7130568273057,14.227221263098059,48.94027809040376,0.38146216293742524,0.4742407087699353,-69.70066877341519,-47.10293321476354,0.4742407087699353,0.39685603092198607,129.95123054485396,129.95123054485396
RhoA perturbation; Cdc42 response,EML_expr,(G(R)+R),1,4,1,6,91,y0=1.1675542; B=-14.288627; k=0.28834953; a1=936.56866; b1=3.9289577; c1=0.00093181908,34.71306208499254,14.227229121795117,48.94029120678766,0.38146222071420377,0.4742409707265039,-75.70065499043234,-60.635497951331246,0.4742409707265039,0.3968562928785546,123.95124432783682,116.41866580828625
RhoA perturbation; Cdc42 response,EML_expr,G((R+R)),1,4,1,6,91,y0=2.5966939; B=-0.062445497; k=0.11921278; a1=9.9731182; b1=500; c1=3.0785802e-28,133.98344971455015,39.04382673170551,173.02727644625566,1.4723456012587928,1.3014608910568504,47.20396663540248,62.269123674503575,1.3014608910568504,1.2240762132089011,246.85586595367164,239.32328743412108
RhoA perturbation; Cdc42 response,EML_expr,((R+R)+R),0,5,0,3,91,y0=-0.046758559; B=5.8176449; k=2.5095447,2127.483593193455,681.2043103979707,2808.6879035914258,23.37894058454346,22.706810346599024,292.817043433237,300.3496219527876,22.706810346599024,22.629425668751075,492.4689427515062,477.40378571240507
RhoA perturbation; Cdc42 response,EML_expr,(R+R),0,3,0,3,91,y0=-0.046756629; B=8.7264667; k=2.509529,2127.483593219275,681.2043115211922,2808.6879047404673,23.3789405848272,22.706810384039738,292.81704343434143,300.349621953892,22.706810384039738,22.62942570619179,492.4689427526106,477.4037857135095
RhoA perturbation; Cdc42 response,EML_expr,R,0,1,0,3,91,y0=-0.046756257; B=17.452935; k=2.5094928,2127.4835932834626,681.2043138471784,2808.6879071306407,23.378940585532558,22.706810461572612,292.81704343708697,300.3496219566375,22.706810461572612,22.629425783724663,492.4689427553561,477.403785716255
RhoA perturbation; Cdc42 response,linear_R,R,0,1,0,3,91,y0=-0.046754789; B=17.452934; k=2.5094834,2127.483593301253,681.20431454472,2808.687907845973,23.378940585728056,22.706810484824,292.81704343784793,300.3496219573985,22.706810484824,22.62942580697605,492.4689427561171,477.403785717016
RhoA perturbation; Cdc42 response,hill,R^h/(K^h+R^h),0,1,0,5,91,y0=-0.027800076; B=1157.5293; K=1.2790668; h=16.983693; k=5.9711328,2126.3795608537353,703.4905762090965,2829.870137062832,23.366808361030056,23.44968587363655,296.76980780692185,309.3241053395061,23.44968587363655,23.3723011957886,496.421707125191,486.3782690991236
RhoA perturbation; Rac1 response,EML_expr,G((G(R)+R)),2,5,2,9,91,y0=-0.94971878; B=54.501194; k=0.18821132; a1=0.48070113; b1=0.28945749; c1=1.4905182e-10; a2=36.949864; b2=0.12914233; c2=0.06318187,19.21055603035699,7.003191313667645,26.213747344024636,0.21110501132260429,0.23343971045558817,-123.5413622637823,-100.94362670513065,0.23343971045558817,0.0,0.0,0.0
RhoA perturbation; Rac1 response,double_hill,(H(R)+H(R)),1,3,0,8,91,y0=-0.85316037; k=0.090499111; B1=382.6485; K1=100; h1=0.42491835; B2=-47.404559; K2=0.89889495; h2=26.284148,21.914556007374085,8.109684623850356,30.024240631224444,0.2408192967843306,0.27032282079501185,-113.55746736756899,-93.47059131543419,0.27032282079501185,0.03688311033942368,9.983894896213314,7.473035389696463
RhoA perturbation; Rac1 response,EML_expr,G(G(R)),2,3,2,9,91,y0=-0.74429234; B=-14.162654; k=0.21272417; a1=336.847; b1=3.5083401; c1=0.16151925; a2=0.59207425; b2=0.15853146; c2=1.2818687e-08,30.84078826992451,12.246683578497082,43.08747184842159,0.3389097612079616,0.40822278594990274,-80.46394723290491,-57.866211674253265,0.40822278594990274,0.17478307549431457,43.07741503087739,43.07741503087739
RhoA perturbation; Rac1 response,EML_expr,G(G((R+R))),2,5,2,9,91,y0=-0.53911548; B=-3.5897316; k=0.19367075; a1=179.21111; b1=11.636463; c1=2.9943266e-07; a2=0.68297377; b2=0.29596543; c2=3.0461576e-34,32.88295515737464,13.463931778792428,46.34688693616706,0.3613511555755455,0.4487977259597476,-74.62936076198021,-52.03162520332856,0.4487977259597476,0.21535801550415942,48.912001501802095,48.912001501802095
RhoA perturbation; Rac1 response,EML_expr,G(G(G(R))),3,4,3,12,91,y0=-0.3635988; B=-4054.3765; k=0.28378549; a1=1.0014353; b1=1.0044033; c1=4.546346e-34; a2=0.81298112; b2=1.0356154; c2=5.2631893; a3=686.80486; b3=8.2080702; c3=0.0030213334,28.586587957679132,15.21776411445438,43.80435207213351,0.3141383292052652,0.507258803815146,-81.37088846032574,-51.24057438212355,0.507258803815146,0.2738190933595578,42.17047380345656,49.70305232300711
RhoA perturbation; Rac1 response,EML_expr,(G(R)+G(R)),1,5,2,9,91,y0=0.33117392; B=-37.806145; k=0.23532971; a1=247.4372; b1=1.0137052; c1=2.8145312e-36; a2=1.467048; b2=1.0665806; c2=3.8255409e-34,40.48140019888514,18.83666348141429,59.318063680299424,0.44485055163610043,0.6278887827138097,-55.71153719406284,-33.11380163541119,0.6278887827138097,0.39444907225822146,67.82982506971946,67.82982506971946
RhoA perturbation; Rac1 response,EML_expr,(G(G(R))+R),2,5,2,9,91,y0=1.3727754; B=11.176202; k=0.26322777; a1=296.11102; b1=3.4065627; c1=0.60110453; a2=459.07201; b2=0.7780977; c2=3.9759897e-09,52.43971591873996,22.0937405256877,74.53345644442766,0.5762606144916479,0.7364580175229233,-32.15876910579095,-9.561033547139303,0.7364580175229233,0.5030183070673351,91.38259315799135,91.38259315799135
RhoA perturbation; Rac1 response,EML_expr,(G(R)+R),1,4,1,6,91,y0=1.3727504; B=-21.401216; k=0.26322984; a1=459.67206; b1=2.9064449; c1=0.0012539446,52.439723056411964,22.093809696867535,74.5335327532795,0.576260692927604,0.7364603232289179,-38.15875671960433,-23.093599680503228,0.7364603232289179,0.5030206127733297,85.38260554417798,77.85002702462742
RhoA perturbation; Rac1 response,EML_expr,G(R),1,2,1,6,91,y0=1.3727515; B=-22.478252; k=0.2632303; a1=459.62967; b1=1.8150959; c1=0.0011471031,52.439722451420224,22.09383217767904,74.53355462909926,0.5762606862793431,0.7364610725893014,-38.158757769462056,-23.093600730360958,0.7364610725893014,0.5030213621337132,85.38260449432025,77.8500259747697
RhoA perturbation; Rac1 response,EML_expr,G((R+R)),1,4,1,6,91,y0=2.6724289; B=-0.059394412; k=0.11783951; a1=10.091333; b1=500; c1=1.075971e-29,93.61188238545634,30.895349811676528,124.50723219713286,1.028702004235784,1.029844993722551,14.575101389949923,29.640258429051023,1.029844993722551,0.7964052832669627,138.11646365373224,130.58388513418168
RhoA perturbation; Rac1 response,EML_expr,R,0,1,0,3,91,y0=-0.99315129; B=13.453562; k=43.531067,1355.674091664051,430.62179553644563,1786.2958872004967,14.897517490813748,14.354059851214855,251.80870748210302,259.34128600165354,14.354059851214855,14.120620140759266,375.3500697458853,360.2849127067842
RhoA perturbation; Rac1 response,hill,R^h/(K^h+R^h),0,1,0,5,91,y0=-0.99315059; B=14.600816; K=0.31529671; h=2.1328922; k=38.446744,1355.6740916640651,430.62179568319,1786.2958873472553,14.897517490813902,14.354059856106334,255.80870748210396,268.3630050146882,14.354059856106334,14.120620145650745,379.35006974588623,369.3066317198189
RhoA perturbation; Rac1 response,EML_expr,((R+R)+R),0,5,0,3,91,y0=-0.99315183; B=4.484521; k=37.180112,1355.6740916642875,430.62181605517185,1786.2959077194596,14.897517490816346,14.354060535172396,251.8087074821189,259.34128600166946,14.354060535172396,14.120620824716807,375.35006974590124,360.2849127068001
RhoA perturbation; Rac1 response,EML_expr,(R+R),0,3,0,3,91,y0=-0.99315162; B=6.7267814; k=36.734111,1355.6740916643707,430.6218198074429,1786.2959114718135,14.897517490817261,14.354060660248097,251.80870748212448,259.34128600167503,14.354060660248097,14.120620949792508,375.3500697459068,360.2849127068057
RhoA perturbation; Rac1 response,linear_R,R,0,1,0,3,91,y0=-0.9931525; B=13.453564; k=26.073496,1355.6740920583327,430.62273396946546,1786.296826027798,14.897517495146513,14.354091132315515,251.80870750856928,259.34128602811984,14.354091132315515,14.120651421859927,375.3500697723516,360.2849127332505
