model,expr,dose_nM,time_min,mean,sem,prediction
hill,Hill ODE,2.0,0.0,1.0,0.0,1.0
hill,Hill ODE,2.0,2.0,0.999901547,0.002276458,1.000642327873676
hill,Hill ODE,2.0,4.0,1.005595121,0.002322598,1.0048174653413733
hill,Hill ODE,2.0,6.0,1.011254481,0.002600326,1.011346566499369
hill,Hill ODE,2.0,8.0,1.013062633,0.003512498,1.0155918392802243
hill,Hill ODE,2.0,10.0,1.017297149,0.003378181,1.0173326012600796
hill,Hill ODE,2.0,12.0,1.020233902,0.005272741,1.0180394832703397
hill,Hill ODE,2.0,14.0,1.024080489,0.005496858,1.0183597590064273
hill,Hill ODE,2.0,16.0,1.025744017,0.007107716,1.018521339240666
hill,Hill ODE,2.0,18.0,1.027015794,0.006990918,1.0186103153827444
hill,Hill ODE,2.0,20.0,1.028399716,0.00752114,1.018662841661101
hill,Hill ODE,2.0,22.0,1.030522116,0.008058597,1.0186956287317803
hill,Hill ODE,2.0,24.0,1.033501514,0.010402199,1.0187170454879753
hill,Hill ODE,2.0,26.0,1.033710205,0.009620472,1.0187315709319265
hill,Hill ODE,2.0,28.0,1.031415986,0.009672052,1.0187417385219548
hill,Hill ODE,2.0,30.0,1.031445223,0.010539411,1.018749049553077
hill,Hill ODE,2.0,32.0,1.032409949,0.011359973,1.0187544296471303
hill,Hill ODE,2.0,34.0,1.034728394,0.011752549,1.0187584692997746
hill,Hill ODE,2.0,36.0,1.035514505,0.012250886,1.0187615565504449
hill,Hill ODE,2.0,38.0,1.038722556,0.012680577,1.0187639531117085
hill,Hill ODE,2.0,40.0,1.040419819,0.014335661,1.0187658395971306
hill,Hill ODE,2.0,42.0,1.044698509,0.015674091,1.0187673432268691
hill,Hill ODE,2.0,44.0,1.049941264,0.016826487,1.0187685552681913
hill,Hill ODE,2.0,46.0,1.040948042,0.013714642,1.0187695422850287
hill,Hill ODE,2.0,48.0,1.042343571,0.018094324,1.0187703535551083
hill,Hill ODE,2.0,50.0,1.055730266,0.019623636,1.018771026058247
hill,Hill ODE,2.0,52.0,1.049744176,0.018651784,1.018771587892203
hill,Hill ODE,2.0,54.0,1.067962996,0.023492902,1.0187720606505826
hill,Hill ODE,2.0,56.0,1.062140462,0.022672255,1.0187724611033562
hill,Hill ODE,2.0,58.0,1.062756339,0.02318036,1.01877280240111
hill,Hill ODE,2.0,60.0,1.066227108,0.022493107,1.0187730949491351
hill,Hill ODE,20.0,0.0,1.0,0.0,1.0
hill,Hill ODE,20.0,2.0,1.008478188,0.002829353,1.0093428069901427
hill,Hill ODE,20.0,4.0,1.023478511,0.00376524,1.0187264080940543
hill,Hill ODE,20.0,6.0,1.021245653,0.004499489,1.0187703157061851
hill,Hill ODE,20.0,8.0,1.018492496,0.005428614,1.0187740729762238
hill,Hill ODE,20.0,10.0,1.014691141,0.005570411,1.0187749207374575
hill,Hill ODE,20.0,12.0,1.012474084,0.006964544,1.0187752070429403
hill,Hill ODE,20.0,14.0,1.013092779,0.007021625,1.0187753282117884
hill,Hill ODE,20.0,16.0,1.007467553,0.007280159,1.018775387539447
hill,Hill ODE,20.0,18.0,1.012573309,0.011467041,1.0187754197241088
hill,Hill ODE,20.0,20.0,1.005172731,0.008190692,1.0187754385683765
hill,Hill ODE,20.0,22.0,1.003964022,0.007692554,1.0187754502738704
hill,Hill ODE,20.0,24.0,1.004629867,0.00846238,1.0187754578966626
hill,Hill ODE,20.0,26.0,1.00490714,0.008413279,1.0187754630562926
hill,Hill ODE,20.0,28.0,1.006870217,0.009003254,1.0187754666630175
hill,Hill ODE,20.0,30.0,1.005084613,0.009995283,1.0187754692539466
hill,Hill ODE,20.0,32.0,1.005762537,0.01038554,1.0187754711592514
hill,Hill ODE,20.0,34.0,1.00363314,0.010164916,1.0187754725891172
hill,Hill ODE,20.0,36.0,1.005224388,0.009967547,1.018775473681449
hill,Hill ODE,20.0,38.0,1.005464071,0.01054638,1.0187754745291482
hill,Hill ODE,20.0,40.0,1.007473247,0.01145128,1.0187754751962712
hill,Hill ODE,20.0,42.0,1.007351417,0.011110917,1.0187754757279066
hill,Hill ODE,20.0,44.0,1.00590331,0.011972879,1.0187754761563825
hill,Hill ODE,20.0,46.0,1.005040146,0.011864208,1.0187754765052675
hill,Hill ODE,20.0,48.0,1.004262931,0.012134561,1.0187754767920025
hill,Hill ODE,20.0,50.0,1.000627426,0.012816768,1.0187754770296729
hill,Hill ODE,20.0,52.0,1.001290404,0.012754548,1.0187754772282185
hill,Hill ODE,20.0,54.0,1.003047434,0.012533011,1.0187754773952764
hill,Hill ODE,20.0,56.0,1.001915237,0.012789696,1.018775477536777
hill,Hill ODE,20.0,58.0,1.004225286,0.012905624,1.0187754776573705
hill,Hill ODE,20.0,60.0,1.004782209,0.01258586,1.0187754777607352
linker_N2,Phi_N2,2.0,0.0,1.0,0.0,1.0
linker_N2,Phi_N2,2.0,2.0,0.999901547,0.002276458,1.0019503602124473
linker_N2,Phi_N2,2.0,4.0,1.005595121,0.002322598,1.0062196212302954
linker_N2,Phi_N2,2.0,6.0,1.011254481,0.002600326,1.0107536623638465
linker_N2,Phi_N2,2.0,8.0,1.013062633,0.003512498,1.0149491415160128
linker_N2,Phi_N2,2.0,10.0,1.017297149,0.003378181,1.018656259862875
linker_N2,Phi_N2,2.0,12.0,1.020233902,0.005272741,1.021873530307478
linker_N2,Phi_N2,2.0,14.0,1.024080489,0.005496858,1.024645107008254
linker_N2,Phi_N2,2.0,16.0,1.025744017,0.007107716,1.027025315505071
linker_N2,Phi_N2,2.0,18.0,1.027015794,0.006990918,1.0290667220518515
linker_N2,Phi_N2,2.0,20.0,1.028399716,0.00752114,1.0308165671665046
linker_N2,Phi_N2,2.0,22.0,1.030522116,0.008058597,1.0323161326070405
linker_N2,Phi_N2,2.0,24.0,1.033501514,0.010402199,1.0336010840082
linker_N2,Phi_N2,2.0,26.0,1.033710205,0.009620472,1.0347020881689488
linker_N2,Phi_N2,2.0,28.0,1.031415986,0.009672052,1.0356454604093608
linker_N2,Phi_N2,2.0,30.0,1.031445223,0.010539411,1.0364537625963925
linker_N2,Phi_N2,2.0,32.0,1.032409949,0.011359973,1.0371463314114457
linker_N2,Phi_N2,2.0,34.0,1.034728394,0.011752549,1.0377397367870838
linker_N2,Phi_N2,2.0,36.0,1.035514505,0.012250886,1.038248176833535
linker_N2,Phi_N2,2.0,38.0,1.038722556,0.012680577,1.0386838169923442
linker_N2,Phi_N2,2.0,40.0,1.040419819,0.014335661,1.0390570809152986
linker_N2,Phi_N2,2.0,42.0,1.044698509,0.015674091,1.039376899799918
linker_N2,Phi_N2,2.0,44.0,1.049941264,0.016826487,1.0396509260598634
linker_N2,Phi_N2,2.0,46.0,1.040948042,0.013714642,1.0398857164175166
linker_N2,Phi_N2,2.0,48.0,1.042343571,0.018094324,1.0400868887872747
linker_N2,Phi_N2,2.0,50.0,1.055730266,0.019623636,1.0402592566936693
linker_N2,Phi_N2,2.0,52.0,1.049744176,0.018651784,1.0404069444452475
linker_N2,Phi_N2,2.0,54.0,1.067962996,0.023492902,1.040533485820742
linker_N2,Phi_N2,2.0,56.0,1.062140462,0.022672255,1.0406419086218268
linker_N2,Phi_N2,2.0,58.0,1.062756339,0.02318036,1.0407348071204336
linker_N2,Phi_N2,2.0,60.0,1.066227108,0.022493107,1.040814404132843
linker_N2,Phi_N2,20.0,0.0,1.0,0.0,1.0
linker_N2,Phi_N2,20.0,2.0,1.008478188,0.002829353,1.0076307746182973
linker_N2,Phi_N2,20.0,4.0,1.023478511,0.00376524,1.0180186045217983
linker_N2,Phi_N2,20.0,6.0,1.021245653,0.004499489,1.0208765298590998
linker_N2,Phi_N2,20.0,8.0,1.018492496,0.005428614,1.0201186663802178
linker_N2,Phi_N2,20.0,10.0,1.014691141,0.005570411,1.0181624670798881
linker_N2,Phi_N2,20.0,12.0,1.012474084,0.006964544,1.0159901750282476
linker_N2,Phi_N2,20.0,14.0,1.013092779,0.007021625,1.0139449049083966
linker_N2,Phi_N2,20.0,16.0,1.007467553,0.007280159,1.0121248061368668
linker_N2,Phi_N2,20.0,18.0,1.012573309,0.011467041,1.010540499234494
linker_N2,Phi_N2,20.0,20.0,1.005172731,0.008190692,1.0091739489529539
linker_N2,Phi_N2,20.0,22.0,1.003964022,0.007692554,1.007999737648508
linker_N2,Phi_N2,20.0,24.0,1.004629867,0.00846238,1.0069924352283215
linker_N2,Phi_N2,20.0,26.0,1.00490714,0.008413279,1.006128915462233
linker_N2,Phi_N2,20.0,28.0,1.006870217,0.009003254,1.0053888738197536
linker_N2,Phi_N2,20.0,30.0,1.005084613,0.009995283,1.0047547338131755
linker_N2,Phi_N2,20.0,32.0,1.005762537,0.01038554,1.0042113700065485
linker_N2,Phi_N2,20.0,34.0,1.00363314,0.010164916,1.0037457986565668
linker_N2,Phi_N2,20.0,36.0,1.005224388,0.009967547,1.003346886280598
linker_N2,Phi_N2,20.0,38.0,1.005464071,0.01054638,1.0030050903042418
linker_N2,Phi_N2,20.0,40.0,1.007473247,0.01145128,1.0027122333111043
linker_N2,Phi_N2,20.0,42.0,1.007351417,0.011110917,1.0024613083191443
linker_N2,Phi_N2,20.0,44.0,1.00590331,0.011972879,1.0022463114688396
linker_N2,Phi_N2,20.0,46.0,1.005040146,0.011864208,1.002062098495345
linker_N2,Phi_N2,20.0,48.0,1.004262931,0.012134561,1.0019042616814346
linker_N2,Phi_N2,20.0,50.0,1.000627426,0.012816768,1.0017690244136224
linker_N2,Phi_N2,20.0,52.0,1.001290404,0.012754548,1.0016531508231372
linker_N2,Phi_N2,20.0,54.0,1.003047434,0.012533011,1.0015538683615466
linker_N2,Phi_N2,20.0,56.0,1.001915237,0.012789696,1.0014688014622342
linker_N2,Phi_N2,20.0,58.0,1.004225286,0.012905624,1.0013959146971976
linker_N2,Phi_N2,20.0,60.0,1.004782209,0.01258586,1.0013334640782092
linker_N4,Phi_N4,2.0,0.0,1.0,0.0,1.0
linker_N4,Phi_N4,2.0,2.0,0.999901547,0.002276458,1.0019503643723804
linker_N4,Phi_N4,2.0,4.0,1.005595121,0.002322598,1.0062192538519006
linker_N4,Phi_N4,2.0,6.0,1.011254481,0.002600326,1.0107524368652245
linker_N4,Phi_N4,2.0,8.0,1.013062633,0.003512498,1.0149470502073896
linker_N4,Phi_N4,2.0,10.0,1.017297149,0.003378181,1.0186535852615208
linker_N4,Phi_N4,2.0,12.0,1.020233902,0.005272741,1.0218706483376374
linker_N4,Phi_N4,2.0,14.0,1.024080489,0.005496858,1.0246423771861057
linker_N4,Phi_N4,2.0,16.0,1.025744017,0.007107716,1.0270230359104464
linker_N4,Phi_N4,2.0,18.0,1.027015794,0.006990918,1.029065118989338
linker_N4,Phi_N4,2.0,20.0,1.028399716,0.00752114,1.0308158001570356
linker_N4,Phi_N4,2.0,22.0,1.030522116,0.008058597,1.0323163047054562
linker_N4,Phi_N4,2.0,24.0,1.033501514,0.010402199,1.0336022529140996
linker_N4,Phi_N4,2.0,26.0,1.033710205,0.009620472,1.0347042763461978
linker_N4,Phi_N4,2.0,28.0,1.031415986,0.009672052,1.0356486636842508
linker_N4,Phi_N4,2.0,30.0,1.031445223,0.010539411,1.0364579571964303
linker_N4,Phi_N4,2.0,32.0,1.032409949,0.011359973,1.037151479609578
linker_N4,Phi_N4,2.0,34.0,1.034728394,0.011752549,1.037745791364607
linker_N4,Phi_N4,2.0,36.0,1.035514505,0.012250886,1.03825508456123
linker_N4,Phi_N4,2.0,38.0,1.038722556,0.012680577,1.0386915213128496
linker_N4,Phi_N4,2.0,40.0,1.040419819,0.014335661,1.039065523985293
linker_N4,Phi_N4,2.0,42.0,1.044698509,0.015674091,1.039386024017068
linker_N4,Phi_N4,2.0,44.0,1.049941264,0.016826487,1.0396606751779447
linker_N4,Phi_N4,2.0,46.0,1.040948042,0.013714642,1.039896036339314
linker_N4,Phi_N4,2.0,48.0,1.042343571,0.018094324,1.040097728099169
linker_N4,Phi_N4,2.0,50.0,1.055730266,0.019623636,1.0402705670067443
linker_N4,Phi_N4,2.0,52.0,1.049744176,0.018651784,1.0404186805829956
linker_N4,Phi_N4,2.0,54.0,1.067962996,0.023492902,1.0405456058896787
linker_N4,Phi_N4,2.0,56.0,1.062140462,0.022672255,1.0406543739977059
linker_N4,Phi_N4,2.0,58.0,1.062756339,0.02318036,1.0407475823712604
linker_N4,Phi_N4,2.0,60.0,1.066227108,0.022493107,1.0408274568963694
linker_N4,Phi_N4,20.0,0.0,1.0,0.0,1.0
linker_N4,Phi_N4,20.0,2.0,1.008478188,0.002829353,1.007632281045457
linker_N4,Phi_N4,20.0,4.0,1.023478511,0.00376524,1.0180195313114613
linker_N4,Phi_N4,20.0,6.0,1.021245653,0.004499489,1.0208738049795343
linker_N4,Phi_N4,20.0,8.0,1.018492496,0.005428614,1.0201141068425839
linker_N4,Phi_N4,20.0,10.0,1.014691141,0.005570411,1.0181581342548918
linker_N4,Phi_N4,20.0,12.0,1.012474084,0.006964544,1.0159870909693642
linker_N4,Phi_N4,20.0,14.0,1.013092779,0.007021625,1.0139433110152383
linker_N4,Phi_N4,20.0,16.0,1.007467553,0.007280159,1.0121245615057561
linker_N4,Phi_N4,20.0,18.0,1.012573309,0.011467041,1.0105413280116915
linker_N4,Phi_N4,20.0,20.0,1.005172731,0.008190692,1.0091755594339118
linker_N4,Phi_N4,20.0,22.0,1.003964022,0.007692554,1.0080018699143956
linker_N4,Phi_N4,20.0,24.0,1.004629867,0.00846238,1.0069948750005633
linker_N4,Phi_N4,20.0,26.0,1.00490714,0.008413279,1.006131493760053
linker_N4,Phi_N4,20.0,28.0,1.006870217,0.009003254,1.0053914615249304
linker_N4,Phi_N4,20.0,30.0,1.005084613,0.009995283,1.0047572350310159
linker_N4,Phi_N4,20.0,32.0,1.005762537,0.01038554,1.0042137157363167
linker_N4,Phi_N4,20.0,34.0,1.00363314,0.010164916,1.0037479412747652
linker_N4,Phi_N4,20.0,36.0,1.005224388,0.009967547,1.0033487949228908
linker_N4,Phi_N4,20.0,38.0,1.005464071,0.01054638,1.0030067470783885
linker_N4,Phi_N4,20.0,40.0,1.007473247,0.01145128,1.00271363022843
linker_N4,Phi_N4,20.0,42.0,1.007351417,0.011110917,1.0024624448336856
linker_N4,Phi_N4,20.0,44.0,1.00590331,0.011972879,1.0022471925124308
linker_N4,Phi_N4,20.0,46.0,1.005040146,0.011864208,1.0020627329200695
linker_N4,Phi_N4,20.0,48.0,1.004262931,0.012134561,1.0019046610398783
linker_N4,Phi_N4,20.0,50.0,1.000627426,0.012816768,1.0017692020029911
linker_N4,Phi_N4,20.0,52.0,1.001290404,0.012754548,1.0016531209493116
linker_N4,Phi_N4,20.0,54.0,1.003047434,0.012533011,1.0015536457776808
linker_N4,Phi_N4,20.0,56.0,1.001915237,0.012789696,1.0014684009462689
linker_N4,Phi_N4,20.0,58.0,1.004225286,0.012905624,1.0013953507451672
linker_N4,Phi_N4,20.0,60.0,1.004782209,0.01258586,1.0013327506820051
EML_expr,R,2.0,0.0,1.0,0.0,1.0
EML_expr,R,2.0,2.0,0.999901547,0.002276458,1.0007682363042782
EML_expr,R,2.0,4.0,1.005595121,0.002322598,1.001536507486431
EML_expr,R,2.0,6.0,1.011254481,0.002600326,1.0015365423658888
EML_expr,R,2.0,8.0,1.013062633,0.003512498,1.0015365423674725
EML_expr,R,2.0,10.0,1.017297149,0.003378181,1.0015365423674725
EML_expr,R,2.0,12.0,1.020233902,0.005272741,1.0015365423674725
EML_expr,R,2.0,14.0,1.024080489,0.005496858,1.0015365423674725
EML_expr,R,2.0,16.0,1.025744017,0.007107716,1.0015365423674725
EML_expr,R,2.0,18.0,1.027015794,0.006990918,1.0015365423674725
EML_expr,R,2.0,20.0,1.028399716,0.00752114,1.0015365423674725
EML_expr,R,2.0,22.0,1.030522116,0.008058597,1.0015365423674725
EML_expr,R,2.0,24.0,1.033501514,0.010402199,1.0015365423674725
EML_expr,R,2.0,26.0,1.033710205,0.009620472,1.0015365423674725
EML_expr,R,2.0,28.0,1.031415986,0.009672052,1.0015365423674725
EML_expr,R,2.0,30.0,1.031445223,0.010539411,1.0015365423674725
EML_expr,R,2.0,32.0,1.032409949,0.011359973,1.0015365423674725
EML_expr,R,2.0,34.0,1.034728394,0.011752549,1.0015365423674725
EML_expr,R,2.0,36.0,1.035514505,0.012250886,1.0015365423674725
EML_expr,R,2.0,38.0,1.038722556,0.012680577,1.0015365423674725
EML_expr,R,2.0,40.0,1.040419819,0.014335661,1.0015365423674725
EML_expr,R,2.0,42.0,1.044698509,0.015674091,1.0015365423674725
EML_expr,R,2.0,44.0,1.049941264,0.016826487,1.0015365423674725
EML_expr,R,2.0,46.0,1.040948042,0.013714642,1.0015365423674725
EML_expr,R,2.0,48.0,1.042343571,0.018094324,1.0015365423674725
EML_expr,R,2.0,50.0,1.055730266,0.019623636,1.0015365423674725
EML_expr,R,2.0,52.0,1.049744176,0.018651784,1.0015365423674725
EML_expr,R,2.0,54.0,1.067962996,0.023492902,1.0015365423674725
EML_expr,R,2.0,56.0,1.062140462,0.022672255,1.0015365423674725
EML_expr,R,2.0,58.0,1.062756339,0.02318036,1.0015365423674725
EML_expr,R,2.0,60.0,1.066227108,0.022493107,1.0015365423674725
EML_expr,R,20.0,0.0,1.0,0.0,1.0
EML_expr,R,20.0,2.0,1.008478188,0.002829353,1.0076823630427834
EML_expr,R,20.0,4.0,1.023478511,0.00376524,1.0153650748643104
EML_expr,R,20.0,6.0,1.021245653,0.004499489,1.0153654236588885
EML_expr,R,20.0,8.0,1.018492496,0.005428614,1.0153654236747238
EML_expr,R,20.0,10.0,1.014691141,0.005570411,1.0153654236747245
EML_expr,R,20.0,12.0,1.012474084,0.006964544,1.0153654236747245
EML_expr,R,20.0,14.0,1.013092779,0.007021625,1.0153654236747245
EML_expr,R,20.0,16.0,1.007467553,0.007280159,1.0153654236747245
EML_expr,R,20.0,18.0,1.012573309,0.011467041,1.0153654236747245
EML_expr,R,20.0,20.0,1.005172731,0.008190692,1.0153654236747245
EML_expr,R,20.0,22.0,1.003964022,0.007692554,1.0153654236747245
EML_expr,R,20.0,24.0,1.004629867,0.00846238,1.0153654236747245
EML_expr,R,20.0,26.0,1.00490714,0.008413279,1.0153654236747245
EML_expr,R,20.0,28.0,1.006870217,0.009003254,1.0153654236747245
EML_expr,R,20.0,30.0,1.005084613,0.009995283,1.0153654236747245
EML_expr,R,20.0,32.0,1.005762537,0.01038554,1.0153654236747245
EML_expr,R,20.0,34.0,1.00363314,0.010164916,1.0153654236747245
EML_expr,R,20.0,36.0,1.005224388,0.009967547,1.0153654236747245
EML_expr,R,20.0,38.0,1.005464071,0.01054638,1.0153654236747245
EML_expr,R,20.0,40.0,1.007473247,0.01145128,1.0153654236747245
EML_expr,R,20.0,42.0,1.007351417,0.011110917,1.0153654236747245
EML_expr,R,20.0,44.0,1.00590331,0.011972879,1.0153654236747245
EML_expr,R,20.0,46.0,1.005040146,0.011864208,1.0153654236747245
EML_expr,R,20.0,48.0,1.004262931,0.012134561,1.0153654236747245
EML_expr,R,20.0,50.0,1.000627426,0.012816768,1.0153654236747245
EML_expr,R,20.0,52.0,1.001290404,0.012754548,1.0153654236747245
EML_expr,R,20.0,54.0,1.003047434,0.012533011,1.0153654236747245
EML_expr,R,20.0,56.0,1.001915237,0.012789696,1.0153654236747245
EML_expr,R,20.0,58.0,1.004225286,0.012905624,1.0153654236747245
EML_expr,R,20.0,60.0,1.004782209,0.01258586,1.0153654236747245
EML_expr,(R+R),2.0,0.0,1.0,0.0,1.0
EML_expr,(R+R),2.0,2.0,0.999901547,0.002276458,1.0007682362995998
EML_expr,(R+R),2.0,4.0,1.005595121,0.002322598,1.0015365074770735
EML_expr,(R+R),2.0,6.0,1.011254481,0.002600326,1.0015365423565314
EML_expr,(R+R),2.0,8.0,1.013062633,0.003512498,1.0015365423581148
EML_expr,(R+R),2.0,10.0,1.017297149,0.003378181,1.0015365423581148
EML_expr,(R+R),2.0,12.0,1.020233902,0.005272741,1.0015365423581148
EML_expr,(R+R),2.0,14.0,1.024080489,0.005496858,1.0015365423581148
EML_expr,(R+R),2.0,16.0,1.025744017,0.007107716,1.0015365423581148
EML_expr,(R+R),2.0,18.0,1.027015794,0.006990918,1.0015365423581148
EML_expr,(R+R),2.0,20.0,1.028399716,0.00752114,1.0015365423581148
EML_expr,(R+R),2.0,22.0,1.030522116,0.008058597,1.0015365423581148
EML_expr,(R+R),2.0,24.0,1.033501514,0.010402199,1.0015365423581148
EML_expr,(R+R),2.0,26.0,1.033710205,0.009620472,1.0015365423581148
EML_expr,(R+R),2.0,28.0,1.031415986,0.009672052,1.0015365423581148
EML_expr,(R+R),2.0,30.0,1.031445223,0.010539411,1.0015365423581148
EML_expr,(R+R),2.0,32.0,1.032409949,0.011359973,1.0015365423581148
EML_expr,(R+R),2.0,34.0,1.034728394,0.011752549,1.0015365423581148
EML_expr,(R+R),2.0,36.0,1.035514505,0.012250886,1.0015365423581148
EML_expr,(R+R),2.0,38.0,1.038722556,0.012680577,1.0015365423581148
EML_expr,(R+R),2.0,40.0,1.040419819,0.014335661,1.0015365423581148
EML_expr,(R+R),2.0,42.0,1.044698509,0.015674091,1.0015365423581148
EML_expr,(R+R),2.0,44.0,1.049941264,0.016826487,1.0015365423581148
EML_expr,(R+R),2.0,46.0,1.040948042,0.013714642,1.0015365423581148
EML_expr,(R+R),2.0,48.0,1.042343571,0.018094324,1.0015365423581148
EML_expr,(R+R),2.0,50.0,1.055730266,0.019623636,1.0015365423581148
EML_expr,(R+R),2.0,52.0,1.049744176,0.018651784,1.0015365423581148
EML_expr,(R+R),2.0,54.0,1.067962996,0.023492902,1.0015365423581148
EML_expr,(R+R),2.0,56.0,1.062140462,0.022672255,1.0015365423581148
EML_expr,(R+R),2.0,58.0,1.062756339,0.02318036,1.0015365423581148
EML_expr,(R+R),2.0,60.0,1.066227108,0.022493107,1.0015365423581148
EML_expr,(R+R),20.0,0.0,1.0,0.0,1.0
EML_expr,(R+R),20.0,2.0,1.008478188,0.002829353,1.0076823629959963
EML_expr,(R+R),20.0,4.0,1.023478511,0.00376524,1.0153650747707357
EML_expr,(R+R),20.0,6.0,1.021245653,0.004499489,1.0153654235653131
EML_expr,(R+R),20.0,8.0,1.018492496,0.005428614,1.0153654235811485
EML_expr,(R+R),20.0,10.0,1.014691141,0.005570411,1.0153654235811493
EML_expr,(R+R),20.0,12.0,1.012474084,0.006964544,1.0153654235811493
EML_expr,(R+R),20.0,14.0,1.013092779,0.007021625,1.0153654235811493
EML_expr,(R+R),20.0,16.0,1.007467553,0.007280159,1.0153654235811493
EML_expr,(R+R),20.0,18.0,1.012573309,0.011467041,1.0153654235811493
EML_expr,(R+R),20.0,20.0,1.005172731,0.008190692,1.0153654235811493
EML_expr,(R+R),20.0,22.0,1.003964022,0.007692554,1.0153654235811493
EML_expr,(R+R),20.0,24.0,1.004629867,0.00846238,1.0153654235811493
EML_expr,(R+R),20.0,26.0,1.00490714,0.008413279,1.0153654235811493
EML_expr,(R+R),20.0,28.0,1.006870217,0.009003254,1.0153654235811493
EML_expr,(R+R),20.0,30.0,1.005084613,0.009995283,1.0153654235811493
EML_expr,(R+R),20.0,32.0,1.005762537,0.01038554,1.0153654235811493
EML_expr,(R+R),20.0,34.0,1.00363314,0.010164916,1.0153654235811493
EML_expr,(R+R),20.0,36.0,1.005224388,0.009967547,1.0153654235811493
EML_expr,(R+R),20.0,38.0,1.005464071,0.01054638,1.0153654235811493
EML_expr,(R+R),20.0,40.0,1.007473247,0.01145128,1.0153654235811493
EML_expr,(R+R),20.0,42.0,1.007351417,0.011110917,1.0153654235811493
EML_expr,(R+R),20.0,44.0,1.00590331,0.011972879,1.0153654235811493
EML_expr,(R+R),20.0,46.0,1.005040146,0.011864208,1.0153654235811493
EML_expr,(R+R),20.0,48.0,1.004262931,0.012134561,1.0153654235811493
EML_expr,(R+R),20.0,50.0,1.000627426,0.012816768,1.0153654235811493
EML_expr,(R+R),20.0,52.0,1.001290404,0.012754548,1.0153654235811493
EML_expr,(R+R),20.0,54.0,1.003047434,0.012533011,1.0153654235811493
EML_expr,(R+R),20.0,56.0,1.001915237,0.012789696,1.0153654235811493
EML_expr,(R+R),20.0,58.0,1.004225286,0.012905624,1.0153654235811493
EML_expr,(R+R),20.0,60.0,1.004782209,0.01258586,1.0153654235811493
EML_expr,((R+R)+R),2.0,0.0,1.0,0.0,1.0
EML_expr,((R+R)+R),2.0,2.0,0.999901547,0.002276458,1.0007682363043147
EML_expr,((R+R)+R),2.0,4.0,1.005595121,0.002322598,1.0015365074865037
EML_expr,((R+R)+R),2.0,6.0,1.011254481,0.002600326,1.0015365423659617
EML_expr,((R+R)+R),2.0,8.0,1.013062633,0.003512498,1.001536542367545
EML_expr,((R+R)+R),2.0,10.0,1.017297149,0.003378181,1.001536542367545
EML_expr,((R+R)+R),2.0,12.0,1.020233902,0.005272741,1.001536542367545
EML_expr,((R+R)+R),2.0,14.0,1.024080489,0.005496858,1.001536542367545
EML_expr,((R+R)+R),2.0,16.0,1.025744017,0.007107716,1.001536542367545
EML_expr,((R+R)+R),2.0,18.0,1.027015794,0.006990918,1.001536542367545
EML_expr,((R+R)+R),2.0,20.0,1.028399716,0.00752114,1.001536542367545
EML_expr,((R+R)+R),2.0,22.0,1.030522116,0.008058597,1.001536542367545
EML_expr,((R+R)+R),2.0,24.0,1.033501514,0.010402199,1.001536542367545
EML_expr,((R+R)+R),2.0,26.0,1.033710205,0.009620472,1.001536542367545
EML_expr,((R+R)+R),2.0,28.0,1.031415986,0.009672052,1.001536542367545
EML_expr,((R+R)+R),2.0,30.0,1.031445223,0.010539411,1.001536542367545
EML_expr,((R+R)+R),2.0,32.0,1.032409949,0.011359973,1.001536542367545
EML_expr,((R+R)+R),2.0,34.0,1.034728394,0.011752549,1.001536542367545
EML_expr,((R+R)+R),2.0,36.0,1.035514505,0.012250886,1.001536542367545
EML_expr,((R+R)+R),2.0,38.0,1.038722556,0.012680577,1.001536542367545
EML_expr,((R+R)+R),2.0,40.0,1.040419819,0.014335661,1.001536542367545
EML_expr,((R+R)+R),2.0,42.0,1.044698509,0.015674091,1.001536542367545
EML_expr,((R+R)+R),2.0,44.0,1.049941264,0.016826487,1.001536542367545
EML_expr,((R+R)+R),2.0,46.0,1.040948042,0.013714642,1.001536542367545
EML_expr,((R+R)+R),2.0,48.0,1.042343571,0.018094324,1.001536542367545
EML_expr,((R+R)+R),2.0,50.0,1.055730266,0.019623636,1.001536542367545
EML_expr,((R+R)+R),2.0,52.0,1.049744176,0.018651784,1.001536542367545
EML_expr,((R+R)+R),2.0,54.0,1.067962996,0.023492902,1.001536542367545
EML_expr,((R+R)+R),2.0,56.0,1.062140462,0.022672255,1.001536542367545
EML_expr,((R+R)+R),2.0,58.0,1.062756339,0.02318036,1.001536542367545
EML_expr,((R+R)+R),2.0,60.0,1.066227108,0.022493107,1.001536542367545
EML_expr,((R+R)+R),20.0,0.0,1.0,0.0,1.0
EML_expr,((R+R)+R),20.0,2.0,1.008478188,0.002829353,1.0076823630431475
EML_expr,((R+R)+R),20.0,4.0,1.023478511,0.00376524,1.0153650748650382
EML_expr,((R+R)+R),20.0,6.0,1.021245653,0.004499489,1.0153654236596157
EML_expr,((R+R)+R),20.0,8.0,1.018492496,0.005428614,1.0153654236754508
EML_expr,((R+R)+R),20.0,10.0,1.014691141,0.005570411,1.0153654236754517
EML_expr,((R+R)+R),20.0,12.0,1.012474084,0.006964544,1.0153654236754517
EML_expr,((R+R)+R),20.0,14.0,1.013092779,0.007021625,1.0153654236754517
EML_expr,((R+R)+R),20.0,16.0,1.007467553,0.007280159,1.0153654236754517
EML_expr,((R+R)+R),20.0,18.0,1.012573309,0.011467041,1.0153654236754517
EML_expr,((R+R)+R),20.0,20.0,1.005172731,0.008190692,1.0153654236754517
EML_expr,((R+R)+R),20.0,22.0,1.003964022,0.007692554,1.0153654236754517
EML_expr,((R+R)+R),20.0,24.0,1.004629867,0.00846238,1.0153654236754517
EML_expr,((R+R)+R),20.0,26.0,1.00490714,0.008413279,1.0153654236754517
EML_expr,((R+R)+R),20.0,28.0,1.006870217,0.009003254,1.0153654236754517
EML_expr,((R+R)+R),20.0,30.0,1.005084613,0.009995283,1.0153654236754517
EML_expr,((R+R)+R),20.0,32.0,1.005762537,0.01038554,1.0153654236754517
EML_expr,((R+R)+R),20.0,34.0,1.00363314,0.010164916,1.0153654236754517
EML_expr,((R+R)+R),20.0,36.0,1.005224388,0.009967547,1.0153654236754517
EML_expr,((R+R)+R),20.0,38.0,1.005464071,0.01054638,1.0153654236754517
EML_expr,((R+R)+R),20.0,40.0,1.007473247,0.01145128,1.0153654236754517
EML_expr,((R+R)+R),20.0,42.0,1.007351417,0.011110917,1.0153654236754517
EML_expr,((R+R)+R),20.0,44.0,1.00590331,0.011972879,1.0153654236754517
EML_expr,((R+R)+R),20.0,46.0,1.005040146,0.011864208,1.0153654236754517
EML_expr,((R+R)+R),20.0,48.0,1.004262931,0.012134561,1.0153654236754517
EML_expr,((R+R)+R),20.0,50.0,1.000627426,0.012816768,1.0153654236754517
EML_expr,((R+R)+R),20.0,52.0,1.001290404,0.012754548,1.0153654236754517
EML_expr,((R+R)+R),20.0,54.0,1.003047434,0.012533011,1.0153654236754517
EML_expr,((R+R)+R),20.0,56.0,1.001915237,0.012789696,1.0153654236754517
EML_expr,((R+R)+R),20.0,58.0,1.004225286,0.012905624,1.0153654236754517
EML_expr,((R+R)+R),20.0,60.0,1.004782209,0.01258586,1.0153654236754517
EML_expr,G(R),2.0,0.0,1.0,0.0,1.0
EML_expr,G(R),2.0,2.0,0.999901547,0.002276458,1.0019458847415692
EML_expr,G(R),2.0,4.0,1.005595121,0.002322598,1.0062163543545823
EML_expr,G(R),2.0,6.0,1.011254481,0.002600326,1.010766576659858
EML_expr,G(R),2.0,8.0,1.013062633,0.003512498,1.014982726138286
EML_expr,G(R),2.0,10.0,1.017297149,0.003378181,1.018707326789606
EML_expr,G(R),2.0,12.0,1.020233902,0.005272741,1.0219356520124852
EML_expr,G(R),2.0,14.0,1.024080489,0.005496858,1.0247113855148884
EML_expr,G(R),2.0,16.0,1.025744017,0.007107716,1.0270896655804478
EML_expr,G(R),2.0,18.0,1.027015794,0.006990918,1.0291242937500407
EML_expr,G(R),2.0,20.0,1.028399716,0.00752114,1.0308637584648086
EML_expr,G(R),2.0,22.0,1.030522116,0.008058597,1.032350439632285
EML_expr,G(R),2.0,24.0,1.033501514,0.010402199,1.0336209069350515
EML_expr,G(R),2.0,26.0,1.033710205,0.009620472,1.0347065428666122
EML_expr,G(R),2.0,28.0,1.031415986,0.009672052,1.0356342137612071
EML_expr,G(R),2.0,30.0,1.031445223,0.010539411,1.0364268954121951
EML_expr,G(R),2.0,32.0,1.032409949,0.011359973,1.0371042273310174
EML_expr,G(R),2.0,34.0,1.034728394,0.011752549,1.0376829937651213
EML_expr,G(R),2.0,36.0,1.035514505,0.012250886,1.0381775375114735
EML_expr,G(R),2.0,38.0,1.038722556,0.012680577,1.0386001145640285
EML_expr,G(R),2.0,40.0,1.040419819,0.014335661,1.0389611975489712
EML_expr,G(R),2.0,42.0,1.044698509,0.015674091,1.0392697351530038
EML_expr,G(R),2.0,44.0,1.049941264,0.016826487,1.0395333738555346
EML_expr,G(R),2.0,46.0,1.040948042,0.013714642,1.0397586474152536
EML_expr,G(R),2.0,48.0,1.042343571,0.018094324,1.0399511387902465
EML_expr,G(R),2.0,50.0,1.055730266,0.019623636,1.040115618498281
EML_expr,G(R),2.0,52.0,1.049744176,0.018651784,1.0402561628438218
EML_expr,G(R),2.0,54.0,1.067962996,0.023492902,1.0403762549408033
EML_expr,G(R),2.0,56.0,1.062140462,0.022672255,1.0404788710346573
EML_expr,G(R),2.0,58.0,1.062756339,0.02318036,1.0405665542626357
EML_expr,G(R),2.0,60.0,1.066227108,0.022493107,1.0406414776803865
EML_expr,G(R),20.0,0.0,1.0,0.0,1.0
EML_expr,G(R),20.0,2.0,1.008478188,0.002829353,1.0075500358417109
EML_expr,G(R),20.0,4.0,1.023478511,0.00376524,1.0178980899751435
EML_expr,G(R),20.0,6.0,1.021245653,0.004499489,1.0208444782266548
EML_expr,G(R),20.0,8.0,1.018492496,0.005428614,1.0201544985240374
EML_expr,G(R),20.0,10.0,1.014691141,0.005570411,1.018219226836109
EML_expr,G(R),20.0,12.0,1.012474084,0.006964544,1.0160392194479688
EML_expr,G(R),20.0,14.0,1.013092779,0.007021625,1.013975389845371
EML_expr,G(R),20.0,16.0,1.007467553,0.007280159,1.0121357471533963
EML_expr,G(R),20.0,18.0,1.012573309,0.011467041,1.010535066764256
EML_expr,G(R),20.0,20.0,1.005172731,0.008190692,1.009156481257209
EML_expr,G(R),20.0,22.0,1.003964022,0.007692554,1.0079744247775395
EML_expr,G(R),20.0,24.0,1.004629867,0.00846238,1.0069628437826104
EML_expr,G(R),20.0,26.0,1.00490714,0.008413279,1.0060978897157
EML_expr,G(R),20.0,28.0,1.006870217,0.009003254,1.0053585866608208
EML_expr,G(R),20.0,30.0,1.005084613,0.009995283,1.0047267858764353
EML_expr,G(R),20.0,32.0,1.005762537,0.01038554,1.0041868947725752
EML_expr,G(R),20.0,34.0,1.00363314,0.010164916,1.0037255578355961
EML_expr,G(R),20.0,36.0,1.005224388,0.009967547,1.0033313510175184
EML_expr,G(R),20.0,38.0,1.005464071,0.01054638,1.0029945081762288
EML_expr,G(R),20.0,40.0,1.007473247,0.01145128,1.002706682644121
EML_expr,G(R),20.0,42.0,1.007351417,0.011110917,1.0024607417299982
EML_expr,G(R),20.0,44.0,1.00590331,0.011972879,1.0022505904609265
EML_expr,G(R),20.0,46.0,1.005040146,0.011864208,1.002071020723139
EML_expr,G(R),20.0,48.0,1.004262931,0.012134561,1.0019175822618158
EML_expr,G(R),20.0,50.0,1.000627426,0.012816768,1.0017864724176875
EML_expr,G(R),20.0,52.0,1.001290404,0.012754548,1.0016744418959307
EML_expr,G(R),20.0,54.0,1.003047434,0.012533011,1.0015787142426975
EML_expr,G(R),20.0,56.0,1.001915237,0.012789696,1.0014969170376729
EML_expr,G(R),20.0,58.0,1.004225286,0.012905624,1.0014270230988618
EML_expr,G(R),20.0,60.0,1.004782209,0.01258586,1.0013673002430858
EML_expr,(G(R)+R),2.0,0.0,1.0,0.0,1.0
EML_expr,(G(R)+R),2.0,2.0,0.999901547,0.002276458,1.0019432151684573
EML_expr,(G(R)+R),2.0,4.0,1.005595121,0.002322598,1.006217396005444
EML_expr,(G(R)+R),2.0,6.0,1.011254481,0.002600326,1.010784367880962
EML_expr,(G(R)+R),2.0,8.0,1.013062633,0.003512498,1.0150205051573138
EML_expr,(G(R)+R),2.0,10.0,1.017297149,0.003378181,1.0187612615538615
EML_expr,(G(R)+R),2.0,12.0,1.020233902,0.005272741,1.0219989737316055
EML_expr,(G(R)+R),2.0,14.0,1.024080489,0.005496858,1.0247770026371223
EML_expr,(G(R)+R),2.0,16.0,1.025744017,0.007107716,1.0271513908271126
EML_expr,(G(R)+R),2.0,18.0,1.027015794,0.006990918,1.0291772465608071
EML_expr,(G(R)+R),2.0,20.0,1.028399716,0.00752114,1.0309043653339511
EML_expr,(G(R)+R),2.0,22.0,1.030522116,0.008058597,1.032376272074328
EML_expr,(G(R)+R),2.0,24.0,1.033501514,0.010402199,1.0336304748260392
EML_expr,(G(R)+R),2.0,26.0,1.033710205,0.009620472,1.0346990944048364
EML_expr,(G(R)+R),2.0,28.0,1.031415986,0.009672052,1.0356095608277391
EML_expr,(G(R)+R),2.0,30.0,1.031445223,0.010539411,1.0363852685635202
EML_expr,(G(R)+R),2.0,32.0,1.032409949,0.011359973,1.0370461587515403
EML_expr,(G(R)+R),2.0,34.0,1.034728394,0.011752549,1.0376092245129465
EML_expr,(G(R)+R),2.0,36.0,1.035514505,0.012250886,1.0380889450541382
EML_expr,(G(R)+R),2.0,38.0,1.038722556,0.012680577,1.0384976569027964
EML_expr,(G(R)+R),2.0,40.0,1.040419819,0.014335661,1.038845870730705
EML_expr,(G(R)+R),2.0,42.0,1.044698509,0.015674091,1.0391425414881126
EML_expr,(G(R)+R),2.0,44.0,1.049941264,0.016826487,1.0393952986329769
EML_expr,(G(R)+R),2.0,46.0,1.040948042,0.013714642,1.039610642312522
EML_expr,(G(R)+R),2.0,48.0,1.042343571,0.018094324,1.0397941105177921
EML_expr,(G(R)+R),2.0,50.0,1.055730266,0.019623636,1.039950421500423
EML_expr,(G(R)+R),2.0,52.0,1.049744176,0.018651784,1.0400835951104865
EML_expr,(G(R)+R),2.0,54.0,1.067962996,0.023492902,1.0401970561744376
EML_expr,(G(R)+R),2.0,56.0,1.062140462,0.022672255,1.0402937225711797
EML_expr,(G(R)+R),2.0,58.0,1.062756339,0.02318036,1.040376080271094
EML_expr,(G(R)+R),2.0,60.0,1.066227108,0.022493107,1.0404462472677236
EML_expr,(G(R)+R),20.0,0.0,1.0,0.0,1.0
EML_expr,(G(R)+R),20.0,2.0,1.008478188,0.002829353,1.0074773478880248
EML_expr,(G(R)+R),20.0,4.0,1.023478511,0.00376524,1.0177911699398818
EML_expr,(G(R)+R),20.0,6.0,1.021245653,0.004499489,1.0208207966945277
EML_expr,(G(R)+R),20.0,8.0,1.018492496,0.005428614,1.0201949954233962
EML_expr,(G(R)+R),20.0,10.0,1.014691141,0.005570411,1.0182795129702515
EML_expr,(G(R)+R),20.0,12.0,1.012474084,0.006964544,1.0160917118657726
EML_expr,(G(R)+R),20.0,14.0,1.013092779,0.007021625,1.0140095076498052
EML_expr,(G(R)+R),20.0,16.0,1.007467553,0.007280159,1.0121505791117849
EML_expr,(G(R)+R),20.0,18.0,1.012573309,0.011467041,1.010533868337905
EML_expr,(G(R)+R),20.0,20.0,1.005172731,0.008190692,1.0091437042555853
EML_expr,(G(R)+R),20.0,22.0,1.003964022,0.007692554,1.0079543734936471
EML_expr,(G(R)+R),20.0,24.0,1.004629867,0.00846238,1.0069391766160662
EML_expr,(G(R)+R),20.0,26.0,1.00490714,0.008413279,1.0060735103366383
EML_expr,(G(R)+R),20.0,28.0,1.006870217,0.009003254,1.0053356946751766
EML_expr,(G(R)+R),20.0,30.0,1.005084613,0.009995283,1.0047069806302948
EML_expr,(G(R)+R),20.0,32.0,1.005762537,0.01038554,1.0041712868035715
EML_expr,(G(R)+R),20.0,34.0,1.00363314,0.010164916,1.003714870521286
EML_expr,(G(R)+R),20.0,36.0,1.005224388,0.009967547,1.0033260071926213
EML_expr,(G(R)+R),20.0,38.0,1.005464071,0.01054638,1.0029947014752976
EML_expr,(G(R)+R),20.0,40.0,1.007473247,0.01145128,1.00271243513579
EML_expr,(G(R)+R),20.0,42.0,1.007351417,0.011110917,1.0024719498864596
EML_expr,(G(R)+R),20.0,44.0,1.00590331,0.011972879,1.00226706145975
EML_expr,(G(R)+R),20.0,46.0,1.005040146,0.011864208,1.0020925008520578
EML_expr,(G(R)+R),20.0,48.0,1.004262931,0.012134561,1.0019437789309291
EML_expr,(G(R)+R),20.0,50.0,1.000627426,0.012816768,1.0018170710306649
EML_expr,(G(R)+R),20.0,52.0,1.001290404,0.012754548,1.0017091186098726
EML_expr,(G(R)+R),20.0,54.0,1.003047434,0.012533011,1.001617145457922
EML_expr,(G(R)+R),20.0,56.0,1.001915237,0.012789696,1.0015387863015952
EML_expr,(G(R)+R),20.0,58.0,1.004225286,0.012905624,1.0014720259782923
EML_expr,(G(R)+R),20.0,60.0,1.004782209,0.01258586,1.0014151476124484
EML_expr,G((R+R)),2.0,0.0,1.0,0.0,1.0
EML_expr,G((R+R)),2.0,2.0,0.999901547,0.002276458,1.001943073823764
EML_expr,G((R+R)),2.0,4.0,1.005595121,0.002322598,1.0062148489913947
EML_expr,G((R+R)),2.0,6.0,1.011254481,0.002600326,1.0107766260019233
EML_expr,G((R+R)),2.0,8.0,1.013062633,0.003512498,1.0150074079523952
EML_expr,G((R+R)),2.0,10.0,1.017297149,0.003378181,1.0187443440489246
EML_expr,G((R+R)),2.0,12.0,1.020233902,0.005272741,1.0219803814056243
EML_expr,G((R+R)),2.0,14.0,1.024080489,0.005496858,1.0247588402945316
EML_expr,G((R+R)),2.0,16.0,1.025744017,0.007107716,1.0271354321926547
EML_expr,G((R+R)),2.0,18.0,1.027015794,0.006990918,1.0291648526624413
EML_expr,G((R+R)),2.0,20.0,1.028399716,0.00752114,1.0308965024680756
EML_expr,G((R+R)),2.0,22.0,1.030522116,0.008058597,1.0323735681787454
EML_expr,G((R+R)),2.0,24.0,1.033501514,0.010402199,1.0336332844810316
EML_expr,G((R+R)),2.0,26.0,1.033710205,0.009620472,1.0347075597190505
EML_expr,G((R+R)),2.0,28.0,1.031415986,0.009672052,1.0356236637680072
EML_expr,G((R+R)),2.0,30.0,1.031445223,0.010539411,1.0364048739904774
EML_expr,G((R+R)),2.0,32.0,1.032409949,0.011359973,1.0370710489006236
EML_expr,G((R+R)),2.0,34.0,1.034728394,0.011752549,1.037639126130274
EML_expr,G((R+R)),2.0,36.0,1.035514505,0.012250886,1.0381235504411777
EML_expr,G((R+R)),2.0,38.0,1.038722556,0.012680577,1.0385366400071785
EML_expr,G((R+R)),2.0,40.0,1.040419819,0.014335661,1.0388888992577021
EML_expr,G((R+R)),2.0,42.0,1.044698509,0.015674091,1.0391892858447667
EML_expr,G((R+R)),2.0,44.0,1.049941264,0.016826487,1.0394454383708818
EML_expr,G((R+R)),2.0,46.0,1.040948042,0.013714642,1.0396638706107835
EML_expr,G((R+R)),2.0,48.0,1.042343571,0.018094324,1.0398501371435949
EML_expr,G((R+R)),2.0,50.0,1.055730266,0.019623636,1.0400089745986
EML_expr,G((R+R)),2.0,52.0,1.049744176,0.018651784,1.04014442210319
EML_expr,G((R+R)),2.0,54.0,1.067962996,0.023492902,1.0402599239946047
EML_expr,G((R+R)),2.0,56.0,1.062140462,0.022672255,1.040358417406909
EML_expr,G((R+R)),2.0,58.0,1.062756339,0.02318036,1.0404424069602123
EML_expr,G((R+R)),2.0,60.0,1.066227108,0.022493107,1.0405140284514098
EML_expr,G((R+R)),20.0,0.0,1.0,0.0,1.0
EML_expr,G((R+R)),20.0,2.0,1.008478188,0.002829353,1.0074916048463376
EML_expr,G((R+R)),20.0,4.0,1.023478511,0.00376524,1.0178100225491085
EML_expr,G((R+R)),20.0,6.0,1.021245653,0.004499489,1.0208196643558525
EML_expr,G((R+R)),20.0,8.0,1.018492496,0.005428614,1.020179491383528
EML_expr,G((R+R)),20.0,10.0,1.014691141,0.005570411,1.0182604387405239
EML_expr,G((R+R)),20.0,12.0,1.012474084,0.006964544,1.016075524201155
EML_expr,G((R+R)),20.0,14.0,1.013092779,0.007021625,1.013998455195126
EML_expr,G((R+R)),20.0,16.0,1.007467553,0.007280159,1.0121445586004805
EML_expr,G((R+R)),20.0,18.0,1.012573309,0.011467041,1.010531800324089
EML_expr,G((R+R)),20.0,20.0,1.005172731,0.008190692,1.0091442715392596
EML_expr,G((R+R)),20.0,22.0,1.003964022,0.007692554,1.007956350479061
EML_expr,G((R+R)),20.0,24.0,1.004629867,0.00846238,1.006941545794146
EML_expr,G((R+R)),20.0,26.0,1.00490714,0.008413279,1.006075481013843
EML_expr,G((R+R)),20.0,28.0,1.006870217,0.009003254,1.0053366823239571
EML_expr,G((R+R)),20.0,30.0,1.005084613,0.009995283,1.004706573919073
EML_expr,G((R+R)),20.0,32.0,1.005762537,0.01038554,1.0041692138365548
EML_expr,G((R+R)),20.0,34.0,1.00363314,0.010164916,1.003710968623639
EML_expr,G((R+R)),20.0,36.0,1.005224388,0.009967547,1.003320197432603
EML_expr,G((R+R)),20.0,38.0,1.005464071,0.01054638,1.0029869678390229
EML_expr,G((R+R)),20.0,40.0,1.007473247,0.01145128,1.0027028078185247
EML_expr,G((R+R)),20.0,42.0,1.007351417,0.011110917,1.0024604920590834
EML_expr,G((R+R)),20.0,44.0,1.00590331,0.011972879,1.0022538588992569
EML_expr,G((R+R)),20.0,46.0,1.005040146,0.011864208,1.00207765390002
EML_expr,G((R+R)),20.0,48.0,1.004262931,0.012134561,1.0019273963275273
EML_expr,G((R+R)),20.0,50.0,1.000627426,0.012816768,1.0017992652493768
EML_expr,G((R+R)),20.0,52.0,1.001290404,0.012754548,1.001690002385609
EML_expr,G((R+R)),20.0,54.0,1.003047434,0.012533011,1.0015968292585278
EML_expr,G((R+R)),20.0,56.0,1.001915237,0.012789696,1.0015173765400303
EML_expr,G((R+R)),20.0,58.0,1.004225286,0.012905624,1.001449623802105
EML_expr,G((R+R)),20.0,60.0,1.004782209,0.01258586,1.0013918481390824
EML_expr,(G(R)+G(R)),2.0,0.0,1.0,0.0,1.0
EML_expr,(G(R)+G(R)),2.0,2.0,0.999901547,0.002276458,1.001640734294348
EML_expr,(G(R)+G(R)),2.0,4.0,1.005595121,0.002322598,1.0055985246182817
EML_expr,(G(R)+G(R)),2.0,6.0,1.011254481,0.002600326,1.0100273197981493
EML_expr,(G(R)+G(R)),2.0,8.0,1.013062633,0.003512498,1.0140154139073525
EML_expr,(G(R)+G(R)),2.0,10.0,1.017297149,0.003378181,1.0175559119576665
EML_expr,(G(R)+G(R)),2.0,12.0,1.020233902,0.005272741,1.020695787551415
EML_expr,(G(R)+G(R)),2.0,14.0,1.024080489,0.005496858,1.0234801603932595
EML_expr,(G(R)+G(R)),2.0,16.0,1.025744017,0.007107716,1.0259492673378041
EML_expr,(G(R)+G(R)),2.0,18.0,1.027015794,0.006990918,1.0281388040612662
EML_expr,(G(R)+G(R)),2.0,20.0,1.028399716,0.00752114,1.0300804254756757
EML_expr,(G(R)+G(R)),2.0,22.0,1.030522116,0.008058597,1.0318022023557296
EML_expr,(G(R)+G(R)),2.0,24.0,1.033501514,0.010402199,1.0333290271024083
EML_expr,(G(R)+G(R)),2.0,26.0,1.033710205,0.009620472,1.034682973617807
EML_expr,(G(R)+G(R)),2.0,28.0,1.031415986,0.009672052,1.0358836164358816
EML_expr,(G(R)+G(R)),2.0,30.0,1.031445223,0.010539411,1.0369483137191184
EML_expr,(G(R)+G(R)),2.0,32.0,1.032409949,0.011359973,1.0378924582122748
EML_expr,(G(R)+G(R)),2.0,34.0,1.034728394,0.011752549,1.0387296997813031
EML_expr,(G(R)+G(R)),2.0,36.0,1.035514505,0.012250886,1.039472142754799
EML_expr,(G(R)+G(R)),2.0,38.0,1.038722556,0.012680577,1.0401305209210114
EML_expr,(G(R)+G(R)),2.0,40.0,1.040419819,0.014335661,1.0407143527104135
EML_expr,(G(R)+G(R)),2.0,42.0,1.044698509,0.015674091,1.041232078807373
EML_expr,(G(R)+G(R)),2.0,44.0,1.049941264,0.016826487,1.0416911841804246
EML_expr,(G(R)+G(R)),2.0,46.0,1.040948042,0.013714642,1.0420983062953861
EML_expr,(G(R)+G(R)),2.0,48.0,1.042343571,0.018094324,1.0424593310757955
EML_expr,(G(R)+G(R)),2.0,50.0,1.055730266,0.019623636,1.0427794779980082
EML_expr,(G(R)+G(R)),2.0,52.0,1.049744176,0.018651784,1.0430633755512067
EML_expr,(G(R)+G(R)),2.0,54.0,1.067962996,0.023492902,1.0433151281532778
EML_expr,(G(R)+G(R)),2.0,56.0,1.062140462,0.022672255,1.043538375489986
EML_expr,(G(R)+G(R)),2.0,58.0,1.062756339,0.02318036,1.0437363451353336
EML_expr,(G(R)+G(R)),2.0,60.0,1.066227108,0.022493107,1.043911899213859
EML_expr,(G(R)+G(R)),20.0,0.0,1.0,0.0,1.0
EML_expr,(G(R)+G(R)),20.0,2.0,1.008478188,0.002829353,1.011371879404509
EML_expr,(G(R)+G(R)),20.0,4.0,1.023478511,0.00376524,1.0222667643662826
EML_expr,(G(R)+G(R)),20.0,6.0,1.021245653,0.004499489,1.0206326281711282
EML_expr,(G(R)+G(R)),20.0,8.0,1.018492496,0.005428614,1.0184013040415694
EML_expr,(G(R)+G(R)),20.0,10.0,1.014691141,0.005570411,1.0163714314978074
EML_expr,(G(R)+G(R)),20.0,12.0,1.012474084,0.006964544,1.0145680569857272
EML_expr,(G(R)+G(R)),20.0,14.0,1.013092779,0.007021625,1.0129686559707136
EML_expr,(G(R)+G(R)),20.0,16.0,1.007467553,0.007280159,1.011550336605411
EML_expr,(G(R)+G(R)),20.0,18.0,1.012573309,0.011467041,1.0102926087752728
EML_expr,(G(R)+G(R)),20.0,20.0,1.005172731,0.008190692,1.0091772900009413
EML_expr,(G(R)+G(R)),20.0,22.0,1.003964022,0.007692554,1.008188255747106
EML_expr,(G(R)+G(R)),20.0,24.0,1.004629867,0.00846238,1.0073112071631765
EML_expr,(G(R)+G(R)),20.0,26.0,1.00490714,0.008413279,1.0065334644152562
EML_expr,(G(R)+G(R)),20.0,28.0,1.006870217,0.009003254,1.0058437833724825
EML_expr,(G(R)+G(R)),20.0,30.0,1.005084613,0.009995283,1.005232193046461
EML_expr,(G(R)+G(R)),20.0,32.0,1.005762537,0.01038554,1.0046898514368108
EML_expr,(G(R)+G(R)),20.0,34.0,1.00363314,0.010164916,1.004208917698909
EML_expr,(G(R)+G(R)),20.0,36.0,1.005224388,0.009967547,1.0037824387857364
EML_expr,(G(R)+G(R)),20.0,38.0,1.005464071,0.01054638,1.0034042489249573
EML_expr,(G(R)+G(R)),20.0,40.0,1.007473247,0.01145128,1.0030688804779404
EML_expr,(G(R)+G(R)),20.0,42.0,1.007351417,0.011110917,1.00277148489197
EML_expr,(G(R)+G(R)),20.0,44.0,1.00590331,0.011972879,1.0025077626028238
EML_expr,(G(R)+G(R)),20.0,46.0,1.005040146,0.011864208,1.002273900874293
EML_expr,(G(R)+G(R)),20.0,48.0,1.004262931,0.012134561,1.002066518675964
EML_expr,(G(R)+G(R)),20.0,50.0,1.000627426,0.012816768,1.0018826178023414
EML_expr,(G(R)+G(R)),20.0,52.0,1.001290404,0.012754548,1.0017195395266183
EML_expr,(G(R)+G(R)),20.0,54.0,1.003047434,0.012533011,1.001574926162424
EML_expr,(G(R)+G(R)),20.0,56.0,1.001915237,0.012789696,1.001446686977831
EML_expr,(G(R)+G(R)),20.0,58.0,1.004225286,0.012905624,1.0013329679688254
EML_expr,(G(R)+G(R)),20.0,60.0,1.004782209,0.01258586,1.0012321250552478
EML_expr,G(G(R)),2.0,0.0,1.0,0.0,1.0
EML_expr,G(G(R)),2.0,2.0,0.999901547,0.002276458,1.001950294940472
EML_expr,G(G(R)),2.0,4.0,1.005595121,0.002322598,1.0062189880186105
EML_expr,G(G(R)),2.0,6.0,1.011254481,0.002600326,1.0107519450541085
EML_expr,G(G(R)),2.0,8.0,1.013062633,0.003512498,1.014946436403186
EML_expr,G(G(R)),2.0,10.0,1.017297149,0.003378181,1.018653013074824
EML_expr,G(G(R)),2.0,12.0,1.020233902,0.005272741,1.0218702843759855
EML_expr,G(G(R)),2.0,14.0,1.024080489,0.005496858,1.0246423631498773
EML_expr,G(G(R)),2.0,16.0,1.025744017,0.007107716,1.0270234797080535
EML_expr,G(G(R)),2.0,18.0,1.027015794,0.006990918,1.0290660954045432
EML_expr,G(G(R)),2.0,20.0,1.028399716,0.00752114,1.0308173553304811
EML_expr,G(G(R)),2.0,22.0,1.030522116,0.008058597,1.0323184615744332
EML_expr,G(G(R)),2.0,24.0,1.033501514,0.010402199,1.0336050163845107
EML_expr,G(G(R)),2.0,26.0,1.033710205,0.009620472,1.034707637765203
EML_expr,G(G(R)),2.0,28.0,1.031415986,0.009672052,1.035652604526145
EML_expr,G(G(R)),2.0,30.0,1.031445223,0.010539411,1.0364624520272776
EML_expr,G(G(R)),2.0,32.0,1.032409949,0.011359973,1.037156498428262
EML_expr,G(G(R)),2.0,34.0,1.034728394,0.011752549,1.0377513014230244
EML_expr,G(G(R)),2.0,36.0,1.035514505,0.012250886,1.0382610517605377
EML_expr,G(G(R)),2.0,38.0,1.038722556,0.012680577,1.038697911260916
EML_expr,G(G(R)),2.0,40.0,1.040419819,0.014335661,1.0390723027774862
EML_expr,G(G(R)),2.0,42.0,1.044698509,0.015674091,1.039393158798558
EML_expr,G(G(R)),2.0,44.0,1.049941264,0.016826487,1.039668134538199
EML_expr,G(G(R)),2.0,46.0,1.040948042,0.013714642,1.039903790570113
EML_expr,G(G(R)),2.0,48.0,1.042343571,0.018094324,1.0401057493510817
EML_expr,G(G(R)),2.0,50.0,1.055730266,0.019623636,1.040278829364419
EML_expr,G(G(R)),2.0,52.0,1.049744176,0.018651784,1.0404271600824655
EML_expr,G(G(R)),2.0,54.0,1.067962996,0.023492902,1.0405542804904528
EML_expr,G(G(R)),2.0,56.0,1.062140462,0.022672255,1.0406632235221982
EML_expr,G(G(R)),2.0,58.0,1.062756339,0.02318036,1.0407565884220844
EML_expr,G(G(R)),2.0,60.0,1.066227108,0.022493107,1.0408366027597702
EML_expr,G(G(R)),20.0,0.0,1.0,0.0,1.0
EML_expr,G(G(R)),20.0,2.0,1.008478188,0.002829353,1.0076354385613462
EML_expr,G(G(R)),20.0,4.0,1.023478511,0.00376524,1.0180294968887436
EML_expr,G(G(R)),20.0,6.0,1.021245653,0.004499489,1.020890996401112
EML_expr,G(G(R)),20.0,8.0,1.018492496,0.005428614,1.0201383044018055
EML_expr,G(G(R)),20.0,10.0,1.014691141,0.005570411,1.018188903150607
EML_expr,G(G(R)),20.0,12.0,1.012474084,0.006964544,1.016023763288336
EML_expr,G(G(R)),20.0,14.0,1.013092779,0.007021625,1.0139851160487519
EML_expr,G(G(R)),20.0,16.0,1.007467553,0.007280159,1.0121707389380024
EML_expr,G(G(R)),20.0,18.0,1.012573309,0.011467041,1.0105911860811025
EML_expr,G(G(R)),20.0,20.0,1.005172731,0.008190692,1.0092284946662855
EML_expr,G(G(R)),20.0,22.0,1.003964022,0.007692554,1.0080573673179996
EML_expr,G(G(R)),20.0,24.0,1.004629867,0.00846238,1.007052500174438
EML_expr,G(G(R)),20.0,26.0,1.00490714,0.008413279,1.006190882574395
EML_expr,G(G(R)),20.0,28.0,1.006870217,0.009003254,1.005452309834008
EML_expr,G(G(R)),20.0,30.0,1.005084613,0.009995283,1.0048192893486507
EML_expr,G(G(R)),20.0,32.0,1.005762537,0.01038554,1.0042767651245912
EML_expr,G(G(R)),20.0,34.0,1.00363314,0.010164916,1.0038118104216593
EML_expr,G(G(R)),20.0,36.0,1.005224388,0.009967547,1.003413338292393
EML_expr,G(G(R)),20.0,38.0,1.005464071,0.01054638,1.0030718439894333
EML_expr,G(G(R)),20.0,40.0,1.007473247,0.01145128,1.0027791807263693
EML_expr,G(G(R)),20.0,42.0,1.007351417,0.011110917,1.0025283662311415
EML_expr,G(G(R)),20.0,44.0,1.00590331,0.011972879,1.0023134164960494
EML_expr,G(G(R)),20.0,46.0,1.005040146,0.011864208,1.0021292031304598
EML_expr,G(G(R)),20.0,48.0,1.004262931,0.012134561,1.0019713310490157
EML_expr,G(G(R)),20.0,50.0,1.000627426,0.012816768,1.001836033626918
EML_expr,G(G(R)),20.0,52.0,1.001290404,0.012754548,1.0017200828390092
EML_expr,G(G(R)),20.0,54.0,1.003047434,0.012533011,1.0016207122453384
EML_expr,G(G(R)),20.0,56.0,1.001915237,0.012789696,1.001535550988175
EML_expr,G(G(R)),20.0,58.0,1.004225286,0.012905624,1.001462567226603
EML_expr,G(G(R)),20.0,60.0,1.004782209,0.01258586,1.0014000196594497
EML_expr,(G(G(R))+R),2.0,0.0,1.0,0.0,1.0
EML_expr,(G(G(R))+R),2.0,2.0,0.999901547,0.002276458,1.0019720164307708
EML_expr,(G(G(R))+R),2.0,4.0,1.005595121,0.002322598,1.0060891293788687
EML_expr,(G(G(R))+R),2.0,6.0,1.011254481,0.002600326,1.010174883503306
EML_expr,(G(G(R))+R),2.0,8.0,1.013062633,0.003512498,1.013866407491577
EML_expr,(G(G(R))+R),2.0,10.0,1.017297149,0.003378181,1.0171968290165523
EML_expr,(G(G(R))+R),2.0,12.0,1.020233902,0.005272741,1.0202013884262315
EML_expr,(G(G(R))+R),2.0,14.0,1.024080489,0.005496858,1.0229119680196723
EML_expr,(G(G(R))+R),2.0,16.0,1.025744017,0.007107716,1.0253573321015046
EML_expr,(G(G(R))+R),2.0,18.0,1.027015794,0.006990918,1.027563430570673
EML_expr,(G(G(R))+R),2.0,20.0,1.028399716,0.00752114,1.0295536742696825
EML_expr,(G(G(R))+R),2.0,22.0,1.030522116,0.008058597,1.031349183417078
EML_expr,(G(G(R))+R),2.0,24.0,1.033501514,0.010402199,1.0329690117325678
EML_expr,(G(G(R))+R),2.0,26.0,1.033710205,0.009620472,1.0344303486327273
EML_expr,(G(G(R))+R),2.0,28.0,1.031415986,0.009672052,1.0357487016429483
EML_expr,(G(G(R))+R),2.0,30.0,1.031445223,0.010539411,1.0369380609613705
EML_expr,(G(G(R))+R),2.0,32.0,1.032409949,0.011359973,1.0380110479211233
EML_expr,(G(G(R))+R),2.0,34.0,1.034728394,0.011752549,1.0389790489263424
EML_expr,(G(G(R))+R),2.0,36.0,1.035514505,0.012250886,1.0398523362832746
EML_expr,(G(G(R))+R),2.0,38.0,1.038722556,0.012680577,1.0406401772087133
EML_expr,(G(G(R))+R),2.0,40.0,1.040419819,0.014335661,1.0413509321725511
EML_expr,(G(G(R))+R),2.0,42.0,1.044698509,0.015674091,1.0419921436180453
EML_expr,(G(G(R))+R),2.0,44.0,1.049941264,0.016826487,1.0425706160012878
EML_expr,(G(G(R))+R),2.0,46.0,1.040948042,0.013714642,1.0430924879992467
EML_expr,(G(G(R))+R),2.0,48.0,1.042343571,0.018094324,1.043563297652643
EML_expr,(G(G(R))+R),2.0,50.0,1.055730266,0.019623636,1.0439880411349491
EML_expr,(G(G(R))+R),2.0,52.0,1.049744176,0.018651784,1.0443712257711608
EML_expr,(G(G(R))+R),2.0,54.0,1.067962996,0.023492902,1.0447169178689686
EML_expr,(G(G(R))+R),2.0,56.0,1.062140462,0.022672255,1.0450287858699099
EML_expr,(G(G(R))+R),2.0,58.0,1.062756339,0.02318036,1.045310139278414
EML_expr,(G(G(R))+R),2.0,60.0,1.066227108,0.022493107,1.0455639637818512
EML_expr,(G(G(R))+R),20.0,0.0,1.0,0.0,1.0
EML_expr,(G(G(R))+R),20.0,2.0,1.008478188,0.002829353,1.0116532124606437
EML_expr,(G(G(R))+R),20.0,4.0,1.023478511,0.00376524,1.0223399279107686
EML_expr,(G(G(R))+R),20.0,6.0,1.021245653,0.004499489,1.0203016890562846
EML_expr,(G(G(R))+R),20.0,8.0,1.018492496,0.005428614,1.0182597037387195
EML_expr,(G(G(R))+R),20.0,10.0,1.014691141,0.005570411,1.0164140931891024
EML_expr,(G(G(R))+R),20.0,12.0,1.012474084,0.006964544,1.0147490080038368
EML_expr,(G(G(R))+R),20.0,14.0,1.013092779,0.007021625,1.0132468414031357
EML_expr,(G(G(R))+R),20.0,16.0,1.007467553,0.007280159,1.0118916536407954
EML_expr,(G(G(R))+R),20.0,18.0,1.012573309,0.011467041,1.0106690636506956
EML_expr,(G(G(R))+R),20.0,20.0,1.005172731,0.008190692,1.009566097460254
EML_expr,(G(G(R))+R),20.0,22.0,1.003964022,0.007692554,1.008571050529473
EML_expr,(G(G(R))+R),20.0,24.0,1.004629867,0.00846238,1.0076733635441082
EML_expr,(G(G(R))+R),20.0,26.0,1.00490714,0.008413279,1.0068635103615444
EML_expr,(G(G(R))+R),20.0,28.0,1.006870217,0.009003254,1.0061328969205552
EML_expr,(G(G(R))+R),20.0,30.0,1.005084613,0.009995283,1.0054737700421938
EML_expr,(G(G(R))+R),20.0,32.0,1.005762537,0.01038554,1.0048791351540236
EML_expr,(G(G(R))+R),20.0,34.0,1.00363314,0.010164916,1.0043426820645847
EML_expr,(G(G(R))+R),20.0,36.0,1.005224388,0.009967547,1.0038587180004273
EML_expr,(G(G(R))+R),20.0,38.0,1.005464071,0.01054638,1.0034221071951084
EML_expr,(G(G(R))+R),20.0,40.0,1.007473247,0.01145128,1.0030282163890771
EML_expr,(G(G(R))+R),20.0,42.0,1.007351417,0.011110917,1.0026728656621002
EML_expr,(G(G(R))+R),20.0,44.0,1.00590331,0.011972879,1.0023522840764691
EML_expr,(G(G(R))+R),20.0,46.0,1.005040146,0.011864208,1.0020630696602781
EML_expr,(G(G(R))+R),20.0,48.0,1.004262931,0.012134561,1.001802153306121
EML_expr,(G(G(R))+R),20.0,50.0,1.000627426,0.012816768,1.001566766202106
EML_expr,(G(G(R))+R),20.0,52.0,1.001290404,0.012754548,1.0013544104495675
EML_expr,(G(G(R))+R),20.0,54.0,1.003047434,0.012533011,1.0011628325556772
EML_expr,(G(G(R))+R),20.0,56.0,1.001915237,0.012789696,1.0009899995196574
EML_expr,(G(G(R))+R),20.0,58.0,1.004225286,0.012905624,1.0008340772588307
EML_expr,(G(G(R))+R),20.0,60.0,1.004782209,0.01258586,1.000693411145562
EML_expr,G((G(R)+R)),2.0,0.0,1.0,0.0,1.0
EML_expr,G((G(R)+R)),2.0,2.0,0.999901547,0.002276458,1.0019201569139207
EML_expr,G((G(R)+R)),2.0,4.0,1.005595121,0.002322598,1.006027855087923
EML_expr,G((G(R)+R)),2.0,6.0,1.011254481,0.002600326,1.0101831358528348
EML_expr,G((G(R)+R)),2.0,8.0,1.013062633,0.003512498,1.013920386601421
EML_expr,G((G(R)+R)),2.0,10.0,1.017297149,0.003378181,1.0172811495270202
EML_expr,G((G(R)+R)),2.0,12.0,1.020233902,0.005272741,1.0203033510954602
EML_expr,G((G(R)+R)),2.0,14.0,1.024080489,0.005496858,1.0230210977856764
EML_expr,G((G(R)+R)),2.0,16.0,1.025744017,0.007107716,1.0254650602100592
EML_expr,G((G(R)+R)),2.0,18.0,1.027015794,0.006990918,1.0276628192408392
EML_expr,G((G(R)+R)),2.0,20.0,1.028399716,0.00752114,1.0296391772687636
EML_expr,G((G(R)+R)),2.0,22.0,1.030522116,0.008058597,1.0314164381057516
EML_expr,G((G(R)+R)),2.0,24.0,1.033501514,0.010402199,1.0330146586903124
EML_expr,G((G(R)+R)),2.0,26.0,1.033710205,0.009620472,1.0344518754363037
EML_expr,G((G(R)+R)),2.0,28.0,1.031415986,0.009672052,1.0357443077794435
EML_expr,G((G(R)+R)),2.0,30.0,1.031445223,0.010539411,1.0369065412186604
EML_expr,G((G(R)+R)),2.0,32.0,1.032409949,0.011359973,1.0379516919179634
EML_expr,G((G(R)+R)),2.0,34.0,1.034728394,0.011752549,1.0388915547264101
EML_expr,G((G(R)+R)),2.0,36.0,1.035514505,0.012250886,1.0397367362866299
EML_expr,G((G(R)+R)),2.0,38.0,1.038722556,0.012680577,1.0404967747340665
EML_expr,G((G(R)+R)),2.0,40.0,1.040419819,0.014335661,1.0411802473377896
EML_expr,G((G(R)+R)),2.0,42.0,1.044698509,0.015674091,1.0417948672976287
EML_expr,G((G(R)+R)),2.0,44.0,1.049941264,0.016826487,1.042347570790022
EML_expr,G((G(R)+R)),2.0,46.0,1.040948042,0.013714642,1.0428445952449121
EML_expr,G((G(R)+R)),2.0,48.0,1.042343571,0.018094324,1.0432915497370743
EML_expr,G((G(R)+R)),2.0,50.0,1.055730266,0.019623636,1.0436934782862601
EML_expr,G((G(R)+R)),2.0,52.0,1.049744176,0.018651784,1.044054916780522
EML_expr,G((G(R)+R)),2.0,54.0,1.067962996,0.023492902,1.044379944165113
EML_expr,G((G(R)+R)),2.0,56.0,1.062140462,0.022672255,1.044672228474646
EML_expr,G((G(R)+R)),2.0,58.0,1.062756339,0.02318036,1.044935068228
EML_expr,G((G(R)+R)),2.0,60.0,1.066227108,0.022493107,1.0451714296531263
EML_expr,G((G(R)+R)),20.0,0.0,1.0,0.0,1.0
EML_expr,G((G(R)+R)),20.0,2.0,1.008478188,0.002829353,1.0118623420795194
EML_expr,G((G(R)+R)),20.0,4.0,1.023478511,0.00376524,1.022528584923447
EML_expr,G((G(R)+R)),20.0,6.0,1.021245653,0.004499489,1.0202421832306778
EML_expr,G((G(R)+R)),20.0,8.0,1.018492496,0.005428614,1.0181713965957417
EML_expr,G((G(R)+R)),20.0,10.0,1.014691141,0.005570411,1.0163092016397717
EML_expr,G((G(R)+R)),20.0,12.0,1.012474084,0.006964544,1.0146346031288815
EML_expr,G((G(R)+R)),20.0,14.0,1.013092779,0.007021625,1.0131287027256701
EML_expr,G((G(R)+R)),20.0,16.0,1.007467553,0.007280159,1.011774505878127
EML_expr,G((G(R)+R)),20.0,18.0,1.012573309,0.011467041,1.0105567300557783
EML_expr,G((G(R)+R)),20.0,20.0,1.005172731,0.008190692,1.0094616322816348
EML_expr,G((G(R)+R)),20.0,22.0,1.003964022,0.007692554,1.0084768540384428
EML_expr,G((G(R)+R)),20.0,24.0,1.004629867,0.00846238,1.0075912817989934
EML_expr,G((G(R)+R)),20.0,26.0,1.00490714,0.008413279,1.0067949216065288
EML_expr,G((G(R)+R)),20.0,28.0,1.006870217,0.009003254,1.0060787862898475
EML_expr,G((G(R)+R)),20.0,30.0,1.005084613,0.009995283,1.0054347940402963
EML_expr,G((G(R)+R)),20.0,32.0,1.005762537,0.01038554,1.004855677206059
EML_expr,G((G(R)+R)),20.0,34.0,1.00363314,0.010164916,1.0043349002744566
EML_expr,G((G(R)+R)),20.0,36.0,1.005224388,0.009967547,1.0038665861166642
EML_expr,G((G(R)+R)),20.0,38.0,1.005464071,0.01054638,1.0034454496624938
EML_expr,G((G(R)+R)),20.0,40.0,1.007473247,0.01145128,1.0030667382567415
EML_expr,G((G(R)+R)),20.0,42.0,1.007351417,0.011110917,1.0027261780240033
EML_expr,G((G(R)+R)),20.0,44.0,1.00590331,0.011972879,1.002419925636668
EML_expr,G((G(R)+R)),20.0,46.0,1.005040146,0.011864208,1.0021445249417762
EML_expr,G((G(R)+R)),20.0,48.0,1.004262931,0.012134561,1.001896867957265
EML_expr,G((G(R)+R)),20.0,50.0,1.000627426,0.012816768,1.0016741597974281
EML_expr,G((G(R)+R)),20.0,52.0,1.001290404,0.012754548,1.0014738871317657
EML_expr,G((G(R)+R)),20.0,54.0,1.003047434,0.012533011,1.0012937898212724
EML_expr,G((G(R)+R)),20.0,56.0,1.001915237,0.012789696,1.001131835412069
EML_expr,G((G(R)+R)),20.0,58.0,1.004225286,0.012905624,1.000986196198532
EML_expr,G((G(R)+R)),20.0,60.0,1.004782209,0.01258586,1.000855228597069
EML_expr,G(G((R+R))),2.0,0.0,1.0,0.0,1.0
EML_expr,G(G((R+R))),2.0,2.0,0.999901547,0.002276458,1.000768228097076
EML_expr,G(G((R+R))),2.0,4.0,1.005595121,0.002322598,1.0015364936134368
EML_expr,G(G((R+R))),2.0,6.0,1.011254481,0.002600326,1.0015365310345365
EML_expr,G(G((R+R))),2.0,8.0,1.013062633,0.003512498,1.0015365310363515
EML_expr,G(G((R+R))),2.0,10.0,1.017297149,0.003378181,1.0015365310363515
EML_expr,G(G((R+R))),2.0,12.0,1.020233902,0.005272741,1.0015365310363515
EML_expr,G(G((R+R))),2.0,14.0,1.024080489,0.005496858,1.0015365310363515
EML_expr,G(G((R+R))),2.0,16.0,1.025744017,0.007107716,1.0015365310363515
EML_expr,G(G((R+R))),2.0,18.0,1.027015794,0.006990918,1.0015365310363515
EML_expr,G(G((R+R))),2.0,20.0,1.028399716,0.00752114,1.0015365310363515
EML_expr,G(G((R+R))),2.0,22.0,1.030522116,0.008058597,1.0015365310363515
EML_expr,G(G((R+R))),2.0,24.0,1.033501514,0.010402199,1.0015365310363515
EML_expr,G(G((R+R))),2.0,26.0,1.033710205,0.009620472,1.0015365310363515
EML_expr,G(G((R+R))),2.0,28.0,1.031415986,0.009672052,1.0015365310363515
EML_expr,G(G((R+R))),2.0,30.0,1.031445223,0.010539411,1.0015365310363515
EML_expr,G(G((R+R))),2.0,32.0,1.032409949,0.011359973,1.0015365310363515
EML_expr,G(G((R+R))),2.0,34.0,1.034728394,0.011752549,1.0015365310363515
EML_expr,G(G((R+R))),2.0,36.0,1.035514505,0.012250886,1.0015365310363515
EML_expr,G(G((R+R))),2.0,38.0,1.038722556,0.012680577,1.0015365310363515
EML_expr,G(G((R+R))),2.0,40.0,1.040419819,0.014335661,1.0015365310363515
EML_expr,G(G((R+R))),2.0,42.0,1.044698509,0.015674091,1.0015365310363515
EML_expr,G(G((R+R))),2.0,44.0,1.049941264,0.016826487,1.0015365310363515
EML_expr,G(G((R+R))),2.0,46.0,1.040948042,0.013714642,1.0015365310363515
EML_expr,G(G((R+R))),2.0,48.0,1.042343571,0.018094324,1.0015365310363515
EML_expr,G(G((R+R))),2.0,50.0,1.055730266,0.019623636,1.0015365310363515
EML_expr,G(G((R+R))),2.0,52.0,1.049744176,0.018651784,1.0015365310363515
EML_expr,G(G((R+R))),2.0,54.0,1.067962996,0.023492902,1.0015365310363515
EML_expr,G(G((R+R))),2.0,56.0,1.062140462,0.022672255,1.0015365310363515
EML_expr,G(G((R+R))),2.0,58.0,1.062756339,0.02318036,1.0015365310363515
EML_expr,G(G((R+R))),2.0,60.0,1.066227108,0.022493107,1.0015365310363515
EML_expr,G(G((R+R))),20.0,0.0,1.0,0.0,1.0
EML_expr,G(G((R+R))),20.0,2.0,1.008478188,0.002829353,1.0076823203982157
EML_expr,G(G((R+R))),20.0,4.0,1.023478511,0.00376524,1.015365014992637
EML_expr,G(G((R+R))),20.0,6.0,1.021245653,0.004499489,1.0153653892069896
EML_expr,G(G((R+R))),20.0,8.0,1.018492496,0.005428614,1.015365389225138
EML_expr,G(G((R+R))),20.0,10.0,1.014691141,0.005570411,1.0153653892251386
EML_expr,G(G((R+R))),20.0,12.0,1.012474084,0.006964544,1.0153653892251386
EML_expr,G(G((R+R))),20.0,14.0,1.013092779,0.007021625,1.0153653892251386
EML_expr,G(G((R+R))),20.0,16.0,1.007467553,0.007280159,1.0153653892251386
EML_expr,G(G((R+R))),20.0,18.0,1.012573309,0.011467041,1.0153653892251386
EML_expr,G(G((R+R))),20.0,20.0,1.005172731,0.008190692,1.0153653892251386
EML_expr,G(G((R+R))),20.0,22.0,1.003964022,0.007692554,1.0153653892251386
EML_expr,G(G((R+R))),20.0,24.0,1.004629867,0.00846238,1.0153653892251386
EML_expr,G(G((R+R))),20.0,26.0,1.00490714,0.008413279,1.0153653892251386
EML_expr,G(G((R+R))),20.0,28.0,1.006870217,0.009003254,1.0153653892251386
EML_expr,G(G((R+R))),20.0,30.0,1.005084613,0.009995283,1.0153653892251386
EML_expr,G(G((R+R))),20.0,32.0,1.005762537,0.01038554,1.0153653892251386
EML_expr,G(G((R+R))),20.0,34.0,1.00363314,0.010164916,1.0153653892251386
EML_expr,G(G((R+R))),20.0,36.0,1.005224388,0.009967547,1.0153653892251386
EML_expr,G(G((R+R))),20.0,38.0,1.005464071,0.01054638,1.0153653892251386
EML_expr,G(G((R+R))),20.0,40.0,1.007473247,0.01145128,1.0153653892251386
EML_expr,G(G((R+R))),20.0,42.0,1.007351417,0.011110917,1.0153653892251386
EML_expr,G(G((R+R))),20.0,44.0,1.00590331,0.011972879,1.0153653892251386
EML_expr,G(G((R+R))),20.0,46.0,1.005040146,0.011864208,1.0153653892251386
EML_expr,G(G((R+R))),20.0,48.0,1.004262931,0.012134561,1.0153653892251386
EML_expr,G(G((R+R))),20.0,50.0,1.000627426,0.012816768,1.0153653892251386
EML_expr,G(G((R+R))),20.0,52.0,1.001290404,0.012754548,1.0153653892251386
EML_expr,G(G((R+R))),20.0,54.0,1.003047434,0.012533011,1.0153653892251386
EML_expr,G(G((R+R))),20.0,56.0,1.001915237,0.012789696,1.0153653892251386
EML_expr,G(G((R+R))),20.0,58.0,1.004225286,0.012905624,1.0153653892251386
EML_expr,G(G((R+R))),20.0,60.0,1.004782209,0.01258586,1.0153653892251386
